name,metric_type,area_real,perimeter_real,perimeter_area_ratio_real,shape_index_real,fractal_dimension_real,area_pred,perimeter_pred,perimeter_area_ratio_pred,shape_index_pred,fractal_dimension_pred
an_qing_shi,STD,5.134109887643731,1171.8572708031218,312.3608633491808,0.4018800227220533,0.052685571073950985,15.52723893240464,4028.636968077989,265.6699823965935,0.775378620328998,0.07620401862884567
an_qing_shi,Mean,0.5083943826699038,319.71378631790355,1172.5474645115835,1.1787644310072627,1.0388444380868862,0.8394333825368545,521.7928083874635,1228.4988298839678,1.3710031566153025,1.061731185432284
an_yang_shi,STD,9.128539401087641,1947.5874853427122,342.8312233887167,0.4807190769154882,0.053741016541579464,9.383744580518453,2656.7828403983185,305.6049991440965,0.7425449023798648,0.07339102293435074
an_yang_shi,Mean,0.7745787615622777,399.27777789745454,1128.35564475925,1.2079155708044758,1.042467957775267,0.9579752482831236,555.2930850361603,1166.1124419419255,1.3770723245073204,1.062246910657325
bang_bu_shi,STD,14.17319357867136,2497.5034078154044,345.9407136852551,0.41272700142314817,0.04926839230790453,12.018340514491264,3276.4731429540466,298.82889871771613,0.7958362695357328,0.07445775450678732
bang_bu_shi,Mean,0.7578645376948808,356.908020969402,1163.347779969609,1.1570093123407192,1.0366763620947066,0.8776546532176673,538.702665826067,1213.7757767842168,1.349854630751554,1.0585503591978291
bao_ding_shi,STD,4.525732646940418,1072.3395179555587,364.320335681458,0.4171021292984176,0.0522408211975256,6.778283209402965,1995.4827076207987,331.3584885657494,0.7423739202574767,0.07212830140592218
bao_ding_shi,Mean,0.5730355270138707,346.9298989506745,1158.2352975539018,1.1935100794051932,1.0418972329760492,0.8816361177463444,529.0825685090564,1205.773588149235,1.3511444901366936,1.0579033533438642
bei_jing_shi,STD,5.3104086119490175,1053.8944714290742,364.1180206252114,0.4178959214041924,0.05253073647345896,8.722499311017081,2319.914868106509,335.44071160823034,0.6757055720945055,0.0675155227883334
bei_jing_shi,Mean,0.5972576576552725,353.213451492723,1155.4406780667302,1.1949549267483222,1.0414623541077777,1.0381943122058284,511.40190501048033,1238.3536219800135,1.2931508775921698,1.0497244590374266
bin_zhou_shi,STD,9.044505430460315,1731.987834180668,334.71552229668237,0.4395880735396352,0.050408490845040815,14.706907951023453,3513.249946852514,275.9606318271946,0.7093864012725553,0.06936942883716739
bin_zhou_shi,Mean,0.8528514259117053,398.01330649392884,1086.9400124475321,1.182583532126236,1.038068649362663,0.9682868659746388,509.00748067409006,1176.8590398587064,1.3030702674095418,1.0514213150038587
bo_zhou_shi,STD,10.487974942190666,1837.4711227368612,331.0457361869705,0.3661337042499214,0.04783280892249326,10.872380755525795,2830.658127877063,275.96829850731916,0.6532179688864854,0.06822626622844061
bo_zhou_shi,Mean,0.6300820026485111,328.41145363994536,1135.692533145174,1.1569314429184574,1.0356696943443942,0.6991173826048408,437.00676703827554,1207.729258105381,1.285007082674525,1.0499574266307012
cang_zhou_shi,STD,4.657177227940999,1241.0677509996315,363.4723715861887,0.3957941164695529,0.05012016185934181,7.163918876379178,2137.0638931529293,310.47254739252605,0.6718177416356393,0.06799391526939713
cang_zhou_shi,Mean,0.5713001801147671,339.55017814757383,1142.046712090212,1.1790599825238377,1.0398954951598218,0.7417845253775088,443.43987339159685,1254.2970578436755,1.2822744220243325,1.049507073950225
chang_zhou_shi,STD,10.019710707414168,2059.713730460432,331.8207661429988,0.4527768865721778,0.05289435673399708,19.070051212725943,4273.775511136607,309.31730150150923,0.7025227413998656,0.06561978696558768
chang_zhou_shi,Mean,0.7526751385442635,383.7726316822908,1144.6790350672682,1.1922147158995011,1.0393587744960748,1.5279117629755101,590.124204257483,1223.3031110213867,1.2723939387438783,1.0445521599447658
cheng_de_shi,STD,2.620869960506002,1000.403835177695,385.9105382523177,0.5016414005865569,0.05674212787060502,22.076313847673163,5381.7081419854385,472.9197220649589,0.8761977466013517,0.06531873163540362
cheng_de_shi,Mean,0.7249850896475731,430.38346701358256,1105.0594238749677,1.2514237242935224,1.0488589363761465,3.6416204880749516,1129.4956381624006,1043.522729456791,1.4098839289628975,1.0568265499359537
chi_zhou_shi,STD,9.707153283726733,1681.5229655642415,309.92349759536364,0.3891631329682751,0.052060562995909984,13.637740211206214,3774.829337702799,270.08760639007596,0.8746265649736816,0.08293762556723339
chi_zhou_shi,Mean,0.5967482523466655,330.3702778826935,1149.0958798600188,1.1799043467228778,1.039834899817598,1.0979692441565223,677.3818081971998,1161.2188174574146,1.5319382962274173,1.0831647286017445
chu_zhou_shi,STD,13.623652961779941,2440.1151821957033,333.141910328414,0.4286480293975089,0.051659275353643085,27.410506362287922,6675.898355597596,292.4566444503268,0.9048441093188349,0.08146027969538612
chu_zhou_shi,Mean,0.6547306013757196,349.73795546365204,1167.541239445341,1.178382873889022,1.0384610987575322,1.1439907577110222,664.5807859663373,1204.3525364449945,1.4654971666942371,1.0719912732703094
de_zhou_shi,STD,5.3424089196371,1280.0645424084553,355.31718133247523,0.4061413941420135,0.0484691366497719,7.514194479798883,1886.5735581199774,286.2160355920139,0.5369078903175155,0.06145376169202845
de_zhou_shi,Mean,0.7452667377718166,362.9251082848046,1136.6425713358014,1.164948576882291,1.0359840955567579,0.6029971363270646,359.7641326147302,1246.575308246743,1.2180566063271812,1.0419890637716127
dong_ying_shi,STD,11.679947361051154,2637.102951380067,344.98694418362226,0.5403368104328664,0.055188756538256466,57.80824297473743,13637.580803229326,315.12128972357095,1.0373129886267378,0.07764826212639983
dong_ying_shi,Mean,0.9767960660546816,460.3530420221952,1102.2789248472643,1.2233442702499917,1.0433626171893993,2.2104497360974715,899.8214397120623,1144.960798510069,1.4378001806445733,1.0650057304366491
fu_yang_shi,STD,8.075791330684513,1643.9599801254847,351.1514265746248,0.4584822212374466,0.054264184117328515,14.342543001431872,3746.3734993753587,296.92750871204044,0.7619568661656066,0.07226570136999877
fu_yang_shi,Mean,0.7640297515024426,397.89495142417366,1128.107537724682,1.2124044424846554,1.0431096941237437,0.9383992562183668,537.6023566059359,1202.2133004929774,1.3416755006227716,1.0565820485081858
han_dan_shi,STD,7.123007064747371,1695.2856357459784,375.3654177404013,0.508583872214709,0.0561773122387094,14.582350066903114,3975.914711790015,334.6760809230752,0.9618122712431612,0.08108615602080743
han_dan_shi,Mean,0.7787929472134043,420.698626891928,1142.2156312245515,1.2369338240822714,1.0470736342632088,1.3324561417836769,752.2285859538521,1170.015703803876,1.499368127906512,1.0739835308878796
heng_shui_shi,STD,5.791573278558409,1328.2985935831907,334.80185492725457,0.3876769633048943,0.049384707521497116,7.878852419017362,2242.141670644761,291.93772607932806,0.7476894789865637,0.07347787730122894
heng_shui_shi,Mean,0.5966673458066766,334.5977673681389,1137.2881819058698,1.1681297468282483,1.0380934764179457,0.8042876686301549,508.79406420721705,1192.6617396484648,1.3496201366953913,1.0574771001262742
he_bi_shi,STD,13.650867543794284,2960.9905509744594,348.8826756333033,0.4800351954058391,0.05098697950216095,9.696511663358216,2542.115717548757,297.1972627503772,0.7012582991376249,0.07126631430872131
he_bi_shi,Mean,0.8881095519712441,402.41362167209917,1156.5796118912822,1.1825245637207278,1.0384464092499963,0.8818645341006812,505.2813374044488,1195.1914947898026,1.3398564799287662,1.0587245502328806
he_fei_shi,STD,15.008518307346748,3273.3257084708393,313.52808253433574,0.5332138837818063,0.05593429072136087,68.21355815756164,14956.13464308339,279.00791905448915,1.037978696035182,0.0826068612490904
he_fei_shi,Mean,0.8869788664549472,434.8888584450496,1120.2091141565213,1.2141414091885532,1.0410865727492695,1.7877114714331128,854.087133258454,1145.849339723894,1.4936354352787178,1.0718051005259748
he_ze_shi,STD,7.1644408585797645,1409.4256821504346,348.7114552797078,0.4066171031416629,0.04982128595245347,6.32430581475159,1682.1289670513283,302.49342859251215,0.638275437737886,0.0688713996807196
he_ze_shi,Mean,0.7272616343164106,365.6922104754735,1123.0451530924927,1.1789974318626135,1.0390000503417371,0.7631111585880983,463.0540438967884,1178.4612916191134,1.3144375940325523,1.0553255452077122
huai_an_shi,STD,13.516042478979225,2802.638992750424,317.0724073702808,0.4450031990445629,0.05224348769544677,32.04100061034766,8301.814137809273,289.72033064680244,0.8733017250017607,0.0771303666039853
huai_an_shi,Mean,0.7011808728359641,364.5452325936289,1138.860071070417,1.184557733213658,1.0393974232924001,1.1784427974966931,644.958989512964,1170.8994847487795,1.4046814008141724,1.0633069509969442
huai_bei_shi,STD,11.203786231616563,1964.2179182987995,324.5289147206272,0.4347463379872036,0.0502325655206862,12.031438139663186,2867.604253196099,273.62955279362745,0.7112030623051847,0.06949912254175028
huai_bei_shi,Mean,0.9296247092575888,394.74481394311175,1106.5553720844389,1.1739069493996943,1.0361251055499894,1.0014955721150494,517.8669039330761,1166.031347567152,1.3062191864716552,1.0508494718775403
huai_nan_shi,STD,6.463054021521441,1265.4053391074829,348.56794937659083,0.4140621224719795,0.0511770578495863,9.771484733295097,2437.385167958429,300.5039737126062,0.658459906234658,0.06744952874557021
huai_nan_shi,Mean,0.6908067451296959,352.13795075056436,1170.9396214835592,1.17781264914029,1.038443583720749,0.8108960880632873,449.92444160587206,1241.0402658939968,1.2799964725140098,1.0496086283288295
huang_shan_shi,STD,5.500018080261867,1236.1130564303685,325.7676982414912,0.4204448395651728,0.05447768890853609,24.374561470161318,6889.420009964585,282.54334915883527,0.9739948614155076,0.08272798876138851
huang_shan_shi,Mean,0.608859822123529,361.34139956339936,1123.564520287383,1.2131473938719837,1.0453844277755482,1.4433878383614231,796.4683935005478,1152.2600206069908,1.5594851985840454,1.0866587439399544
jiao_zuo_shi,STD,8.489321689381121,1869.4672001663675,373.97943611889036,0.4741366155686682,0.053419438588587484,11.955291729012586,2894.855275028241,337.8230392377183,0.6995929112195332,0.06814638273645053
jiao_zuo_shi,Mean,0.8355499039722063,408.35698152312597,1152.6679947825626,1.2120938993389143,1.0436085456475663,1.1183336076852082,539.010273941677,1218.422145060479,1.3132991380119041,1.0537769438448097
ji_nan_shi,STD,4.153321659963599,1049.5282844393523,346.93901751619615,0.4254510307244447,0.05114395985360613,7.583851922822884,1971.3050043413384,295.0281013741452,0.6054754772411923,0.06455488348494072
ji_nan_shi,Mean,0.7039784710311701,369.1204286218476,1124.8860316847492,1.1823671184411453,1.0382106643347604,0.7664004555781015,426.63575701511866,1217.2101722614248,1.2541903947361095,1.04564175862419
ji_ning_shi,STD,7.5798216588765905,1571.749780673885,347.47317249838636,0.42658332392332093,0.0505980105365846,9.607165850099301,2365.9381235534565,300.7337283375153,0.6726272156610404,0.06907956204610416
ji_ning_shi,Mean,0.7738485318666742,378.14610727187545,1117.3936213642107,1.182247891374723,1.0388238774861556,0.9000222328484632,492.43022471895364,1182.7439052266466,1.3108297141348209,1.0534380724585368
kai_feng_shi,STD,28.410045909701772,5634.869252971456,360.38518518973376,0.5991951665564981,0.05726492737469795,102.28151019599264,22932.191927540367,363.29947685664825,1.5315403978184412,0.09332152325073824
kai_feng_shi,Mean,1.1502544308464868,511.7714378921303,1119.605699459009,1.2504091230039394,1.047365625513385,4.4501128987632566,1766.5215272347582,1053.756311819908,1.773397707945268,1.0881484998512658
lai_wu_shi,STD,4.844085221374367,1387.8344299595428,347.75034458070616,0.5154538718397716,0.05709576674477256,16.19664296062312,4438.809794217538,310.92107483601194,0.85240841084804,0.07418299870056194
lai_wu_shi,Mean,0.7677741688223859,427.1709075350023,1111.0772025245199,1.2370069434036808,1.0456538350718338,1.3644523241214188,664.907526474821,1190.8801166088151,1.3784392818947893,1.0600566750910931
lang_fang_shi,STD,6.116526090647446,1374.5072062108813,345.2243939789844,0.4687860564022476,0.0537193872263163,18.475058944981942,5014.1129389081325,304.33093978071264,0.9912004724185944,0.07988385792507248
lang_fang_shi,Mean,0.8981700812426504,441.63578618276665,1041.0965609259397,1.2233992405039422,1.0445143066669054,1.7010266494792283,832.1215240373532,1110.0221496936572,1.4679115800621605,1.0663653951237348
lian_yun_gang_shi,STD,13.252106545490642,2591.129121979304,340.4507697378985,0.4591379880386157,0.0522043146064903,20.800234570949353,5283.2685523084465,303.21550642041075,0.9356545505348596,0.07932892772416388
lian_yun_gang_shi,Mean,0.8420967393361826,396.6801707202871,1130.9203932617156,1.1927783091222193,1.0404979119862567,1.3415796126153476,709.8772999126406,1176.2522405072666,1.4366515022280653,1.065223012346237
liao_cheng_shi,STD,6.310266481459143,1557.4309586642578,346.1866468012005,0.4488043988295559,0.050885401134428125,8.951624867153908,2232.688946551465,293.7800254070333,0.6552581787395361,0.06835844750408691
liao_cheng_shi,Mean,0.7609100648455339,386.66830191931854,1107.7959809359238,1.1875120554053649,1.0394838947508531,0.8123763259679645,467.5347152010138,1182.3378679367713,1.3013145789720808,1.052651067307235
lin_yi_shi,STD,5.9355573323978295,1541.2762076937495,348.8196487657901,0.5008962509926239,0.0559971355914623,20.88493597066549,5013.089420727237,318.9321973776227,0.9544904977472808,0.07994187311182477
lin_yi_shi,Mean,0.8572268448487727,447.7640458633847,1067.001011798016,1.2405483794423249,1.0464105211510926,1.8383059777728727,845.3434595016138,1115.0782697355721,1.487412440706832,1.070836029826986
liu_an_shi,STD,7.864000038443957,1548.1632460444446,301.4652227988534,0.3683348807264417,0.049057718319791215,13.243487215354815,4017.137806925426,264.50361203600653,0.6928037197419747,0.0695595831013583
liu_an_shi,Mean,0.48042763961059204,293.53602350317686,1188.869515577186,1.1485088875681206,1.0341290409507926,0.7395974904491515,450.6902372802398,1237.3320411691702,1.2882019452358766,1.0498938437411902
luo_yang_shi,STD,7.367934701912466,1872.8096710969628,347.99106286732354,0.5106126731824316,0.055754622827644214,18.49898357702401,5133.668196347171,327.8592360873612,0.9886433586296388,0.08001554259576152
luo_yang_shi,Mean,0.8466988549223715,438.33429561850886,1105.1702488004848,1.2328043464325191,1.0456675131570636,1.7577345075389323,865.0941913931143,1125.1570976577193,1.5113262380696626,1.0746674438286608
ma_an_shan_shi,STD,9.105326814761037,2149.532299449418,325.2633241052498,0.479273277012841,0.05427146719492223,23.269590617205218,6283.014885250231,283.8922556832915,0.8648122951727034,0.07728443864234931
ma_an_shan_shi,Mean,0.7403640016249248,388.2551464723847,1146.4358262393469,1.2024483762156482,1.0413769380298394,1.2398585557429018,642.4483589317599,1199.0278311119494,1.4032141739532036,1.0648273772671255
nan_jing_shi,STD,10.971074559961425,2525.6133448799765,314.3488809101769,0.5333045202243704,0.05689138756547855,32.24829836994283,7305.490379237022,268.6709995273165,0.8474904008726001,0.0731570042935904
nan_jing_shi,Mean,0.9328868271502594,454.7909223066694,1087.9709300996658,1.23085915944429,1.0441179814315638,1.4974188452434074,662.7563536711504,1167.5456233408822,1.3487913803961202,1.0555895172086918
nan_tong_shi,STD,5.815276734124147,1367.3469198793002,325.60341698452413,0.4561481456485713,0.054748937350098184,20.85291846707462,6005.2096379881605,303.13000168095624,0.8254426659057678,0.07207629102468542
nan_tong_shi,Mean,0.6200881080434635,361.66873703633,1161.065130295361,1.2029442313869607,1.0421013213802537,1.1299327916238238,595.8558726244778,1206.315305688279,1.3429578835180165,1.0555259345704566
nan_yang_shi,STD,21.096643441109567,4820.150276959369,348.12528009986846,0.5065853227704722,0.05427361804361341,24.305209290503896,6144.670563803294,312.94936468832583,1.007223971748798,0.08408589316578696
nan_yang_shi,Mean,0.7361923813221797,400.0195418396038,1158.5883069423198,1.208786539830669,1.0423668411018012,1.4563656443766837,811.5638401673814,1172.2592068685335,1.5465014291888048,1.0796290436483718
ping_ding_shan_shi,STD,6.354738019583032,1527.899997246486,332.73259967493436,0.4559421868115153,0.05428179684808936,11.590053369750354,3033.044366711805,297.7787683683494,0.722989189987052,0.07186446727136547
ping_ding_shan_shi,Mean,0.6394932552547268,375.20654665486137,1123.505737054904,1.2107163387521531,1.0435993309790237,0.911808972429259,526.987805750065,1180.35783487833,1.3475624342602888,1.05810855537211
pu_yang_shi,STD,12.908326998238525,2788.0546058806954,353.18853128920125,0.4751503620394675,0.0513063547551012,8.483534558717217,2229.7182889404567,312.95213416849975,0.746023556741461,0.07320796266596898
pu_yang_shi,Mean,0.839954742557387,401.118490619106,1132.8620377932687,1.1905993739125895,1.0402975407755235,0.9717934504130769,555.4489455478622,1173.2302375261936,1.3754663893995092,1.0619666701680142
qing_dao_shi,STD,13.292088358554572,2269.1081821711828,336.7620302766439,0.45997304088443197,0.053219277055865016,19.691170077989703,4692.213392654806,298.3993551622521,0.8179050392230297,0.0744742325511447
qing_dao_shi,Mean,0.7994921695755964,398.4772647497305,1113.0818592927258,1.2032388382462014,1.041746282384966,1.2815071516762244,635.2478381506712,1155.8818472814705,1.3829041406678946,1.0610746523330212
qin_huang_dao_shi,STD,5.4323130991639195,1536.543234654223,358.35127100421204,0.5285106432274136,0.058666905196064885,40.26876379750364,10295.587170071025,351.76670362212485,1.3062635715581377,0.0887140035279083
qin_huang_dao_shi,Mean,0.7868885783976651,448.2427824778197,1091.9301067656186,1.262648130295384,1.0499324924939657,2.907378821228484,1328.4704347753132,1087.4743760978752,1.6879418289096044,1.086329438004067
ri_zhao_shi,STD,10.290046765413551,2351.4893706015782,353.2903341604108,0.5490788186221524,0.058002751697564914,47.247774365232,10598.114015465866,334.88916389891887,1.1995692948309262,0.08874329772959742
ri_zhao_shi,Mean,0.9647383462258032,477.4043024313658,1089.741147110056,1.2544119915459824,1.0476065790813496,2.901754666177688,1255.8298073826684,1062.9303691744353,1.6974824733486968,1.090049179188999
san_men_xia_shi,STD,5.238046249550162,1751.6931818198195,334.3336825352663,0.5488023159216755,0.05869730024492464,19.289764664139334,6039.405620424907,344.96318917204275,1.1164427463042688,0.08243684682704702
san_men_xia_shi,Mean,0.7706235694717671,441.9239281401609,1107.9902673705187,1.2535360305994434,1.04801673398827,2.308585723970242,1116.6168172967843,1047.628859404372,1.6486588790759882,1.0887503005910881
shang_qiu_shi,STD,10.097959440017977,2029.1522443423928,346.20891859099197,0.4169784101817329,0.05094540995591797,8.878413624898073,2277.9233791696483,297.6284873194258,0.6688133287516356,0.07044197676025872
shang_qiu_shi,Mean,0.6655261204193794,352.36754871226805,1158.2298217807315,1.1809262261810871,1.039645528771133,0.6888995418022342,450.91810513167735,1212.5361515029656,1.3203261354277929,1.0559967922951168
shi_jia_zhuang_shi,STD,6.773606995497365,1608.0950004861875,371.97175193352285,0.4573164689198677,0.05275464252326489,11.473617310692983,2972.162820597337,325.77834186235873,0.7323353998098617,0.07128120874229847
shi_jia_zhuang_shi,Mean,0.7423809396522355,393.0757210388507,1136.1387371622434,1.2056539287741574,1.042635487182834,0.952596590382426,533.6992723241735,1207.0422699047,1.3421830360531348,1.0570785256140132
su_qian_shi,STD,12.188801101188455,2286.193354204646,328.89439956265755,0.4577594358071861,0.051625339155574185,35.793872456621706,8844.061431356435,291.7412006126726,0.9373234726463484,0.07928907253916202
su_qian_shi,Mean,0.8495929684722409,391.79681616155887,1131.7862818554304,1.181831425483468,1.037756131979615,1.311427056384133,708.8563580786998,1155.9363097546366,1.4334894516613848,1.064495150283841
su_zhou_shi,STD,6.016296765562362,1472.973174324436,335.3742032876507,0.4717924429210358,0.055228182727197775,18.681473190611754,4223.823626541205,317.04771812842546,0.7350617462299832,0.0686728194708418
su_zhou_shi,Mean,0.82785249659897,412.81820083201546,1127.3321464195978,1.2163664167843835,1.0428671248064625,1.5696232262874763,623.4430616409319,1204.6923692734124,1.3064380905294262,1.0490689335864396
tai_an_shi,STD,7.954902650764648,1947.454986203872,373.45835409049516,0.4703489896611564,0.053595842941201295,12.561656403863301,3170.3297996409474,337.80720544856416,0.7565708650862262,0.07169077350000788
tai_an_shi,Mean,0.7083607515732879,383.68529635274797,1160.7609722978493,1.205028384065299,1.0424563730560772,1.0679986425044514,557.9195451828022,1224.9722867328906,1.3448436775740051,1.0573163919118478
tai_zhou_shi,STD,10.194067486658517,2558.458219211233,314.917145211025,0.5430773267087006,0.059268400295150535,57.91342916780574,14032.53981293674,288.909547839953,1.0896189519313475,0.08011293487451039
tai_zhou_shi,Mean,0.9059291389123189,464.1032243848878,1077.8707677994755,1.2467347147598595,1.048617484257005,2.3553824519891213,972.274471594708,1130.6937677735025,1.4569535319236282,1.067469072117088
tang_shan_shi,STD,10.955852521998308,2138.7358833506532,360.95323621454855,0.4883759118303236,0.05592368032872512,26.524934435735503,6689.944918951113,330.51876654306443,1.1156769096071908,0.08446409742203399
tang_shan_shi,Mean,0.8041376818733716,422.5251999638085,1108.7246854574082,1.2234228857781566,1.0465509667662565,1.884652846333292,953.2633830774682,1137.1499830241412,1.5391658841824405,1.0750897885874469
ta_he_shi,STD,8.214478587825392,1521.8221435958674,345.4908163079873,0.3667554202026429,0.047168506953513496,8.458449957079477,1923.82595539618,304.01925060853284,0.5594561028536347,0.06397850740066398
ta_he_shi,Mean,0.7048738623172006,333.0882315387556,1168.5339652534028,1.1520167258973248,1.0351730315603749,0.6873864980621325,402.5755317787497,1208.2796348123622,1.2596631124385704,1.048895450288663
tian_jin_shi,STD,13.12033284578681,2546.592531835023,348.94474846399675,0.532636172803849,0.05602410794867852,49.10742002271564,11448.577577794873,307.9421055630466,1.0414777847879084,0.0788211685072767
tian_jin_shi,Mean,1.1383241437052758,487.6642636177148,1080.4612604098927,1.2352792224449476,1.0449350529742911,2.0336725635697306,885.0004399146751,1134.364019384041,1.4463657980666902,1.064549692763832
tong_ling_shi,STD,9.167306772704318,2130.1028181726842,332.0058087716173,0.4946420331699806,0.05441959987291297,7.87626538268004,2621.0311772226833,281.2507935192531,0.8209456381692471,0.07606074600641326
tong_ling_shi,Mean,0.8798630944924425,419.98447645744346,1129.7901949572565,1.2075846225096352,1.041591740289478,1.0624891487868853,597.7280615032707,1202.2617278293167,1.3847631237889853,1.0612062644096532
wei_fang_shi,STD,11.12966725735978,2096.5934403177107,349.1278240074465,0.472187810847561,0.05373747542289467,31.0181686619019,7275.3411003324545,317.9227624134664,0.8969327227944568,0.07611183290590279
wei_fang_shi,Mean,0.7886399939830796,407.3109377611341,1111.6354193294003,1.2122305486884524,1.0432140800121157,1.6147483065479762,739.0730969667501,1161.5549497247132,1.4128417551896206,1.0633938837268997
wei_hai_shi,STD,6.774125279615237,1722.5451856734906,356.90084402965516,0.475101277798938,0.054611243224042885,16.42551913473589,5074.329087985577,335.701753410197,1.1057315185846754,0.08717658691253842
wei_hai_shi,Mean,0.6716235481469713,378.76160087443884,1183.7682558155882,1.2104275263961175,1.0437575282748746,1.6993451795018957,941.6165938448096,1160.1858425888906,1.612802738452748,1.0841546540544968
wu_hu_shi,STD,9.350890602464556,2055.36430958358,327.08308553866226,0.4640123125201033,0.05330773768014356,18.445890509447334,4694.7193349127865,277.2427547449604,0.791692312186255,0.07441553348207676
wu_hu_shi,Mean,0.7117097516415852,374.9352845469382,1155.976683247591,1.1919568282680792,1.0400015671629972,1.0765375793222662,561.4260358045505,1225.7053305562156,1.3532096484902167,1.0584498137628409
wu_xi_shi,STD,4.808081903499937,1250.3937862064784,332.10536964163043,0.4392302720673213,0.052952267958667976,11.378808454911859,2636.9853064345416,334.6664657070276,0.6628036551805795,0.06560412290687644
wu_xi_shi,Mean,0.7128161312663841,375.93375117650834,1146.9429795548085,1.193325656787795,1.0396085188219837,1.601582693204115,600.3835437521133,1211.8498607402678,1.28177628907567,1.0452432492107255
xing_tai_shi,STD,8.541865260252772,2148.496797558735,379.75386855014085,0.5032219958573018,0.05579294151697066,15.439180723616069,4019.9529700961134,329.7087222711427,0.8921314783612758,0.07798088290842352
xing_tai_shi,Mean,0.7990617312230244,425.61876394261225,1130.6203663984238,1.236034137007918,1.0470117016416096,1.2217383584697958,662.317428688014,1211.285549036498,1.426711536648041,1.065895750222282
xin_xiang_shi,STD,8.635203221433501,2074.3420343638613,360.03150182403067,0.481945687578521,0.05320107678042834,9.882660207037745,2549.551902486787,319.43503488993207,0.7141650472814771,0.07096539219741534
xin_xiang_shi,Mean,0.8029497373923448,399.1086590165672,1158.5639072893825,1.2027186953242883,1.0418902038971738,0.9826387193907123,529.4629865475218,1204.2676311448856,1.3418573267918523,1.0581314811242806
xin_yang_shi,STD,3.128123843126448,821.5147572627782,320.99437451985386,0.3361157534354418,0.04801953671151665,8.629127932612914,2423.1014714020307,282.72898416061963,0.6181237257185609,0.06654322101986578
xin_yang_shi,Mean,0.4030533400573308,276.77482858554043,1203.71263190994,1.1376858478464291,1.034446678848392,0.6318538469175724,400.58524567067286,1267.2855719171675,1.25069985315652,1.0463249332135258
xuan_cheng_shi,STD,8.888235826380422,1801.268670582801,322.1410625531521,0.40845670909312337,0.050948719663604015,21.506707874262446,5962.138471565221,286.0049510914917,0.9550749726818876,0.08375556673447218
xuan_cheng_shi,Mean,0.6585023232378671,350.08940973292107,1136.681622146717,1.179099835047363,1.039291096630725,1.4140560776116682,805.7254321638268,1139.8585899542027,1.5950868873410664,1.0903896994864586
xu_chang_shi,STD,13.194229182635825,2974.0010084258893,353.5468663054441,0.4960030297820631,0.05490026788752125,14.065880978744286,3660.677381416896,322.21930395279634,0.9068179050073376,0.07919818726635917
xu_chang_shi,Mean,0.8321001482250412,412.92550723249536,1143.4600700220667,1.2188262634700968,1.04476577292257,1.3362895899191063,723.001611391975,1154.0005248163811,1.4711700388327602,1.0711636179862731
xu_zhou_shi,STD,9.441380204561279,2139.350763530996,363.0254702686016,0.5096602063213057,0.05563614734801083,18.795453427893612,4822.360261161464,319.2457288308688,0.8882416931658086,0.07751638684594453
xu_zhou_shi,Mean,0.8620630251013547,428.71309826598997,1132.2274391779636,1.2264976401382808,1.0448148564580162,1.255194789893247,671.7191233513647,1181.7531786241755,1.4236724182005251,1.0652645389503663
yang_zhou_shi,STD,8.133538898380458,1897.4900369738434,305.5359168757182,0.4630126971551076,0.05439980162054242,34.676948822753175,8053.447881961644,279.7277067818898,0.8662350943592397,0.07408487593936702
yang_zhou_shi,Mean,0.7253645043883535,387.9885044239847,1102.7484481071638,1.2069204090493693,1.0427416483273937,1.5409242236944642,689.153775735914,1155.5560958887074,1.3701189176074269,1.0588491126034234
yan_cheng_shi,STD,11.888958523584506,2855.864552093774,303.40339182003464,0.4914468412580477,0.055140584911547295,74.58324414189654,22328.9761450501,286.5849765328305,1.0311471968929122,0.07825226309725072
yan_cheng_shi,Mean,0.7092013607833915,388.4584400018617,1121.6381947237103,1.2057863954320172,1.0415596675824406,1.8272463410713882,840.2921567393267,1144.5581394617448,1.433879407202509,1.0657090669708964
yan_tai_shi,STD,5.392691206808215,1304.124974600891,363.5843602904114,0.4707449703352423,0.05580017739572495,17.369860066252784,4393.411169662295,326.7209544308066,0.8425563878501027,0.07724223758094707
yan_tai_shi,Mean,0.6311747776519563,378.0820475126831,1168.9159557958262,1.2221762845530029,1.0455420905220172,1.135530856409218,627.8081526873742,1216.0071308658346,1.4183959759548357,1.0664207404006734
zao_zhuang_shi,STD,3.6964979093748656,951.4818868572796,343.8831033281196,0.41075171015704215,0.05179910130571097,8.173413613686687,1956.0032770700568,307.90075416674136,0.6046957113965176,0.06462654142436841
zao_zhuang_shi,Mean,0.6201824781438363,355.5113024405635,1123.6512565934402,1.1892861845550045,1.0404368114117817,0.8672921516972748,448.56818055353926,1209.626499704786,1.262772475405623,1.0466794090214158
zhang_jia_kou_shi,STD,12.335391070355804,2963.3456336672184,357.0849113078986,0.6236796041736081,0.060461212879464724,66.04251383099658,16520.388068364104,431.8535964822288,1.2723385445004542,0.0784825854275415
zhang_jia_kou_shi,Mean,0.9579241133860276,507.33423026508217,1104.6014733720779,1.2758478384513272,1.0498667252079092,5.543631463434181,1796.2782713681454,957.0513732553787,1.6595582140819871,1.08125466284375
zheng_zhou_shi,STD,50.31503612172747,9654.2278209616,367.63032918217385,0.6203917848511029,0.05677047450424087,45.23528748409974,10915.66973134515,338.8302749609557,1.0496090076025828,0.0770322869774501
zheng_zhou_shi,Mean,1.281809960477459,528.7714333479062,1145.660583428656,1.241123812060161,1.0459088701108958,2.1847733846779187,907.6940713407151,1186.441777641416,1.4374105454743489,1.0655051367176076
zhen_jiang_shi,STD,9.138690609035562,2008.9309714886267,345.30655757606473,0.4816463465344421,0.0542529099433263,32.42797637762925,7689.556098776392,292.94082703628953,0.786508298414943,0.06970980207963043
zhen_jiang_shi,Mean,0.8626668547773017,416.528775850622,1135.504461527835,1.2117777330724409,1.0427571777288362,1.4469554864875296,605.8170894836388,1229.1730773169338,1.3061532157709297,1.051374504480648
zhou_kou_shi,STD,7.34415166657882,1541.0619235054114,327.2872687599835,0.3615216831510988,0.047418579331808784,4.4469377222529385,1266.719352995576,278.5634033468201,0.5360967198941889,0.06405630410164942
zhou_kou_shi,Mean,0.5540132200050367,313.39259903730067,1152.3754561170606,1.1523411751475878,1.035775355018483,0.4979824527882081,358.0050328110796,1213.59392816093,1.249111454694134,1.047829145927922
zhu_ma_dian_shi,STD,15.342625764033668,3985.412218725791,340.4896271115242,0.4815534683192201,0.05218823691491168,13.536360579456403,3785.405426396261,295.84963888140027,0.8716078707688195,0.0802404053152589
zhu_ma_dian_shi,Mean,0.7115887861723837,379.51897941377035,1158.0494914945275,1.1894946797761672,1.0401193288787796,1.0196058241027786,641.3890987917861,1169.8966182691256,1.470228829344134,1.073250779957138
zi_bo_shi,STD,6.4250802490233125,1611.7953513101595,332.1864271481895,0.4889067343853069,0.05407825665057468,12.373299558762982,2685.1339984293954,301.73871098243376,0.6535484987742785,0.06555925757980822
zi_bo_shi,Mean,0.8027272461986437,417.18321460627527,1088.5086541057358,1.2099707536303954,1.0413540572077749,1.2030169246919151,529.6859480614804,1171.550334895219,1.2783410809901816,1.0472652415340005
