,name,metric_type,area,perimeter,perimeter_area_ratio,shape_index,fractal_dimension
0,mix_no_years_dong_ying_shi_2017_2019,STD,308.38917408389153,42569.65500493957,326.2782196595163,0.9392171998976514,0.044884312788012824
1,mix_no_years_dong_ying_shi_2017_2019,Mean,9.147590549583212,1664.4092974559035,704.3055892999854,1.3180505184806808,1.0547952785719874
2,mix_years_lin_yi_shi_2017_2019,STD,384.9429919952143,38775.814359997385,444.4748701655959,0.6328455081658396,0.04715182983007111
3,mix_years_lin_yi_shi_2017_2019,Mean,6.70574304807439,1116.7985448523139,879.0684038879347,1.2502955532472992,1.0433671092042054
4,no_distance_liao_cheng_shi_2017_2019,STD,172.8907229572764,21132.738605524497,452.8027603054372,0.808273085690056,0.057909444379898825
5,no_distance_liao_cheng_shi_2017_2019,Mean,6.684445831649069,1346.807999603666,883.2345042655014,1.3615258159299282,1.052992977188087
6,with_distance_han_dan_shi_2017_2019,STD,211.4201682559144,26412.047639076987,476.6326049560483,0.8262782193468162,0.056766795247943466
7,with_distance_han_dan_shi_2017_2019,Mean,7.46070621434263,1426.8277865112846,919.0283179234536,1.3587384304246404,1.053030657094121
8,with_distance_qing_dao_shi_2017_2019,STD,379.9990017966512,44440.298179472346,439.07479984042845,0.7696329326306995,0.04705697635168866
9,with_distance_qing_dao_shi_2017_2019,Mean,8.521688815473437,1404.3676796888456,816.8785687252249,1.2786517595166338,1.047706412576483
10,with_distance_shi_jia_zhuang_shi_2017_2019,STD,230.67327781179864,33667.206556504636,449.4398118264298,0.7844044169072865,0.054632074236475675
11,with_distance_shi_jia_zhuang_shi_2017_2019,Mean,6.035446174712384,1203.4931610652538,942.6307411581539,1.3120984051854891,1.0504084091829553
12,with_distance_he_ze_shi_2017_2019,STD,295.6564279137371,28200.376242874252,454.3263970816842,0.782966599965832,0.05668479859247187
13,with_distance_he_ze_shi_2017_2019,Mean,7.909727376490016,1438.0582150921541,849.3191463689603,1.374433376905189,1.0555967317840493
14,mix_years_qing_dao_shi_2017_2019,STD,360.5530740848881,40595.11254458998,460.04968761582376,0.7020665815974525,0.04398118810013518
15,mix_years_qing_dao_shi_2017_2019,Mean,8.711560260276569,1350.261776365581,806.2548687527402,1.2502101173415328,1.043846426087594
16,no_distance_xu_chang_shi_2017_2019,STD,378.2843162065219,43015.98359551043,457.67034662596956,0.8082205796137323,0.05614830479044133
17,no_distance_xu_chang_shi_2017_2019,Mean,7.012259730130111,1347.7792065291746,888.9062785074954,1.3469651538896512,1.0537343220997106
18,mix_no_years_kai_feng_shi_2017_2019,STD,618.1200790091856,70170.75620527194,393.8720771041585,0.9349099384140154,0.04249506467582036
19,mix_no_years_kai_feng_shi_2017_2019,Mean,15.97908817032926,2216.9913050780638,653.3060117325169,1.3304745030313052,1.0555535919875048
20,mix_no_years_wei_hai_shi_2017_2019,STD,51.99493638920292,9864.065806931672,476.8733234465595,0.7857130657517098,0.0482386710975305
21,mix_no_years_wei_hai_shi_2017_2019,Mean,4.721266253305818,1115.570359683779,875.4714466388832,1.276816054948044,1.0451762529439268
22,mix_no_years_nan_jing_shi_2017_2019,STD,291.26746172310516,46771.266461089355,390.3251039431212,0.85764738478746,0.04974878679435044
23,mix_no_years_nan_jing_shi_2017_2019,Mean,5.135087965774636,1177.3036809618961,862.7336633500357,1.2626088333860221,1.0454002568615395
24,no_distance_dong_ying_shi_2017_2019,STD,308.77077211006787,32334.428389013945,373.0216956242662,0.8108659650236407,0.049740647022171305
25,no_distance_dong_ying_shi_2017_2019,Mean,8.407170620453329,1407.8351223896989,793.1055436111437,1.31485118797552,1.0536233396168853
26,with_distance_de_zhou_shi_2017_2019,STD,95.65910153858943,11416.688528872644,470.1564586821869,0.7048276447601399,0.05570351912599023
27,with_distance_de_zhou_shi_2017_2019,Mean,5.668831793675464,1229.6163206077674,839.4462763498773,1.3645720433245543,1.05512910776353
28,with_distance_heng_shui_shi_2017_2019,STD,75.01271639067204,9504.218390757735,460.147359202401,0.7014222270008031,0.05767222316737461
29,with_distance_heng_shui_shi_2017_2019,Mean,5.606724535577998,1235.0907795109695,852.607411791326,1.3832933961433969,1.0566629542561183
30,mix_no_years_bao_ding_shi_2017_2019,STD,116.50717898374371,15604.527737675646,473.44758487892346,0.7580318219244465,0.05246831630982358
31,mix_no_years_bao_ding_shi_2017_2019,Mean,6.739283329033495,1288.740261915848,914.7104219955896,1.305389490594615,1.046927389497793
32,mix_no_years_xin_xiang_shi_2017_2019,STD,280.8396062382,34448.99079882233,494.4206510557218,0.7779405513303482,0.047663603282272045
33,mix_no_years_xin_xiang_shi_2017_2019,Mean,9.778692136461821,1502.5100295057507,858.9112454180477,1.2730123738079866,1.0440463036497274
34,with_distance_chu_zhou_shi_2017_2019,STD,111.87917558683732,10799.000006736798,397.3469361055397,0.502835319042278,0.05060479087709118
35,with_distance_chu_zhou_shi_2017_2019,Mean,2.151671875424921,613.7253016902707,962.5692617446911,1.2431234882178532,1.0469054250950027
36,mix_no_years_xu_zhou_shi_2017_2019,STD,304.38990434303406,36001.882404903765,468.01209154471985,0.7834301252756537,0.04958418057446636
37,mix_no_years_xu_zhou_shi_2017_2019,Mean,7.759663860502269,1412.099139380269,830.9588260971364,1.2998337278196879,1.0471487797440058
38,mix_no_years_ta_he_shi_2017_2019,STD,211.0452382582132,23219.492288151567,491.8052875519158,0.7829077873658373,0.049828081570218834
39,mix_no_years_ta_he_shi_2017_2019,Mean,10.324069672803073,1695.696887107862,771.8501083819451,1.3377232092688953,1.0499248892933153
40,no_distance_nan_jing_shi_2017_2019,STD,284.6933908996492,39992.194496512086,384.18799033117756,0.7898868470244993,0.05351800572699524
41,no_distance_nan_jing_shi_2017_2019,Mean,4.790272348796207,1052.185789290509,931.5922172555693,1.2726583157052145,1.0472823389297448
42,mix_no_years_lai_wu_shi_2017_2019,STD,118.57202187531173,18334.64845942676,427.8566488698553,0.6760385694679775,0.046930079558185685
43,mix_no_years_lai_wu_shi_2017_2019,Mean,3.683502271188741,864.5869900699186,999.3957771828502,1.2079261221504536,1.0396683788794285
44,with_distance_huai_bei_shi_2017_2019,STD,255.70579105615585,27834.438972808868,424.0889447939589,0.7572547247160957,0.056024311589701746
45,with_distance_huai_bei_shi_2017_2019,Mean,6.823994566524006,1315.3934271366381,813.2588703958802,1.3591036437804829,1.0555537126590409
46,no_distance_he_bi_shi_2017_2019,STD,120.48684234545259,17625.361811048126,453.45223224957067,0.7991385011815542,0.0550639065496488
47,no_distance_he_bi_shi_2017_2019,Mean,6.117005925063774,1270.229734097351,900.1794027472191,1.3388847753879323,1.0528386989349918
48,mix_years_zao_zhuang_shi_2017_2019,STD,180.2602423151951,17088.826043952402,448.84047714577076,0.6476140270339604,0.050688623703664636
49,mix_years_zao_zhuang_shi_2017_2019,Mean,6.02384313110207,1081.5260684225677,921.6599998940861,1.2691829164673591,1.044504660014907
50,mix_years_dong_ying_shi_2017_2019,STD,293.1565106894183,27045.88424428755,413.7080382466195,0.7091274657608747,0.04786890408542033
51,mix_years_dong_ying_shi_2017_2019,Mean,8.418859255774594,1282.9909701497234,831.6644576248029,1.2743590081861231,1.0475371738723838
52,mix_years_bei_jing_shi_2017_2019,STD,197.1175704958364,35102.532150637635,445.3900408159851,0.8224231558305474,0.0515987285175034
53,mix_years_bei_jing_shi_2017_2019,Mean,4.757634741417802,1095.6866680262622,970.381595703768,1.2701470833721864,1.045752739301008
54,mix_years_heng_shui_shi_2017_2019,STD,68.73292939033544,8769.613650880246,472.2253688396666,0.6777565177581844,0.05570009138745554
55,mix_years_heng_shui_shi_2017_2019,Mean,5.786005527235086,1227.6009300953813,843.9826307256112,1.3632509147777405,1.054419104842141
56,mix_no_years_wu_hu_shi_2017_2019,STD,108.7002700289209,16266.240528938075,404.53119291300277,0.6400919779155413,0.049820557205455855
57,mix_no_years_wu_hu_shi_2017_2019,Mean,2.7302468781268,771.5980432197582,920.8830426022166,1.2485362950441674,1.0459340077307389
58,mix_years_ta_he_shi_2017_2019,STD,223.02852469380662,20348.771270745772,479.3834211923102,0.7426950294907761,0.05437516597575235
59,mix_years_ta_he_shi_2017_2019,Mean,9.736925981841143,1584.9618563911713,794.1839896054069,1.3788125676690344,1.055320895613343
60,no_distance_bao_ding_shi_2017_2019,STD,117.7211030106004,14240.466898632067,444.77534570840214,0.8072662915789866,0.05802681265396352
61,no_distance_bao_ding_shi_2017_2019,Mean,6.118462391132314,1296.6534658833934,894.7186461062755,1.372371626207265,1.0555147171290742
62,with_distance_chang_zhou_shi_2017_2019,STD,226.62159552753704,30878.653899504126,394.5067648515005,0.6824203615045018,0.050868174268726724
63,with_distance_chang_zhou_shi_2017_2019,Mean,4.008349750837564,881.380464807092,972.6287682034912,1.2473295692382367,1.046067025288441
64,with_distance_zheng_zhou_shi_2017_2019,STD,931.1034753631812,106179.29173721538,436.21619835779586,0.8409969449116353,0.04944078455437881
65,with_distance_zheng_zhou_shi_2017_2019,Mean,7.960761255632427,1290.1484418852156,1008.32915202509,1.236560423789947,1.0438252151027654
66,mix_years_zhang_jia_kou_shi_2017_2019,STD,36.60486292984467,4720.108456871115,435.1870171905493,0.5196570839012286,0.04808844374904327
67,mix_years_zhang_jia_kou_shi_2017_2019,Mean,2.5242604906718746,691.8834197713815,937.1754489386367,1.234477027373739,1.0433141930282799
68,no_distance_tang_shan_shi_2017_2019,STD,118.66687010838938,17681.908437377744,436.7112092735208,0.7723971365155083,0.055030533742533395
69,no_distance_tang_shan_shi_2017_2019,Mean,5.440051177346194,1205.9345665927365,869.1730087198474,1.3299348739506354,1.053187627306077
70,mix_years_2017_2019,STD,306.30678779840264,33910.48050186211,429.1789350741306,0.6625021868529466,0.05159255348004457
71,mix_years_2017_2019,Mean,4.760569081547586,989.9893690348335,905.31046528532,1.2782657423371437,1.0475994101917805
72,mix_no_years_huai_an_shi_2017_2019,STD,122.11835260722087,16599.97264315,382.3483897912299,0.5829168044075003,0.04972196413354311
73,mix_no_years_huai_an_shi_2017_2019,Mean,2.9735260499555176,788.9568789429799,865.00613306241,1.2668577764568938,1.0491536391825382
74,no_distance_xin_yang_shi_2017_2019,STD,51.51926908867256,5878.541275000988,394.75120450467915,0.4869917127775541,0.050203137475500544
75,no_distance_xin_yang_shi_2017_2019,Mean,1.684061673457469,559.6438415876478,979.9013318230369,1.2244124248202053,1.0464128738510206
76,mix_no_years_ping_ding_shan_shi_2017_2019,STD,140.0653123237017,20750.09520694392,446.8194646488196,0.6832588930431658,0.04960265538115757
77,mix_no_years_ping_ding_shan_shi_2017_2019,Mean,4.222235102152731,956.6225490842752,945.7457299349651,1.2543644330834876,1.0445871484121474
78,mix_years_su_zhou_shi_2017_2019,STD,119.71778227692255,12445.97348530143,463.34505591742885,0.7088538347182872,0.05571633616435121
79,mix_years_su_zhou_shi_2017_2019,Mean,6.516184529633916,1309.4361418986143,820.5828714254139,1.3739015073842291,1.0557601216171248
80,mix_no_years_liu_an_shi_2017_2019,STD,105.91875526133882,16456.781010536433,401.39913835500244,0.5396677039754142,0.04887655463444921
81,mix_no_years_liu_an_shi_2017_2019,Mean,2.1972072276225068,660.5424681978739,923.510097975537,1.2370308864605675,1.0457120123379513
82,mix_no_years_qing_dao_shi_2017_2019,STD,361.47121218056697,55046.31157428016,444.76904388611393,0.8900074019339766,0.041897131957005174
83,mix_no_years_qing_dao_shi_2017_2019,Mean,9.488978829933961,1616.116224868459,753.5105828804419,1.2472218331182088,1.042805357917711
84,with_distance_tai_an_shi_2017_2019,STD,127.53367239008071,15374.547987483806,456.13985161891947,0.6780752905024832,0.05245623319049055
85,with_distance_tai_an_shi_2017_2019,Mean,4.350242568302427,948.180904371099,999.206034046631,1.2701583266549037,1.0461893884329763
86,with_distance_zao_zhuang_shi_2017_2019,STD,188.40367912706435,18355.42010230632,439.33866203567356,0.6715343200487026,0.05187907074233949
87,with_distance_zao_zhuang_shi_2017_2019,Mean,5.910498737768124,1093.181423966922,931.3298059946652,1.2807183140379255,1.046238880304852
88,no_distance_chi_zhou_shi_2017_2019,STD,57.11123617672136,7489.316322476784,386.1577476856383,0.5184426242643099,0.04881420729045652
89,no_distance_chi_zhou_shi_2017_2019,Mean,2.396256984893281,709.2680039348123,836.6512601375101,1.2683558025809747,1.0502730330104204
90,no_distance_tai_zhou_shi_2017_2019,STD,251.98187249293736,32382.536380975933,373.6533640092044,0.768512731489569,0.0560486020296605
91,no_distance_tai_zhou_shi_2017_2019,Mean,4.6829360245616565,1085.0264475461647,862.9708081605297,1.3193327965083963,1.0547333934919314
92,mix_no_years_shi_jia_zhuang_shi_2017_2019,STD,230.56388027287326,36195.48623851768,472.5481963222543,0.7646760454664285,0.04911428766836742
93,mix_no_years_shi_jia_zhuang_shi_2017_2019,Mean,6.58704241803901,1223.2148024182593,929.8236463785893,1.265781787598696,1.0444085493942956
94,with_distance_huang_shan_shi_2017_2019,STD,21.88839138184181,4074.1847882270495,396.48728112661075,0.745162207828843,0.05502427869228901
95,with_distance_huang_shan_shi_2017_2019,Mean,1.9230850660414047,685.0238197171689,991.3993650708848,1.2769013515501995,1.0488140774954435
96,with_distance_kai_feng_shi_2017_2019,STD,690.2076379598301,58217.89080638106,433.8108175116613,0.8408199509596772,0.050861385816840014
97,with_distance_kai_feng_shi_2017_2019,Mean,13.59206107237755,1871.4351875994896,773.7759817445681,1.3633633366586513,1.0588331128650155
98,mix_no_years_huang_shan_shi_2017_2019,STD,26.97487955100221,4096.474461052322,416.3899954340275,0.4876416349853556,0.046422361781027106
99,mix_no_years_huang_shan_shi_2017_2019,Mean,2.2585815899081707,639.994033444423,947.9131492391358,1.219757794258395,1.043284958607486
100,no_distance_huang_shan_shi_2017_2019,STD,26.11198875981582,3970.472626693084,396.1309416670039,0.5289160710206172,0.049272164459629064
101,no_distance_huang_shan_shi_2017_2019,Mean,2.2275859001539144,689.9470525446467,884.2031368290632,1.2637829402771719,1.049666407147095
102,with_distance_ping_ding_shan_shi_2017_2019,STD,145.60289889242264,19105.27395636008,430.7738298124666,0.6936776720327763,0.05351373784204181
103,with_distance_ping_ding_shan_shi_2017_2019,Mean,4.180825760443418,972.4846882739612,945.5675063851011,1.292130335390805,1.0491948947192922
104,no_distance_he_fei_shi_2017_2019,STD,396.12591059309256,36764.18123178954,382.87839183401087,0.6469267849497823,0.05248122369671746
105,no_distance_he_fei_shi_2017_2019,Mean,4.009484709338832,886.178893201319,880.9398863979246,1.2785404975607362,1.0491098644053096
106,mix_no_years_ri_zhao_shi_2017_2019,STD,172.0732647712807,22485.89964621887,456.9686200034187,0.7299117734187368,0.042940812268109946
107,mix_no_years_ri_zhao_shi_2017_2019,Mean,7.840720592139416,1354.8083260066421,787.5171210860316,1.25585111008158,1.0438083093754873
108,mix_years_an_qing_shi_2017_2019,STD,68.49222480801362,8235.316889375299,409.9667031354237,0.521797961763254,0.049301434356781824
109,mix_years_an_qing_shi_2017_2019,Mean,2.2707109587893846,671.4771077192559,904.2780409849989,1.2483234189729042,1.0464658397854367
110,no_distance_wei_fang_shi_2017_2019,STD,181.05645838817426,22218.167096861416,427.7331299282321,0.7132079465688049,0.049602888826840996
111,no_distance_wei_fang_shi_2017_2019,Mean,5.993912501421616,1169.4936855898516,839.6104869675921,1.2952665561297858,1.05010362405267
112,no_distance_huai_an_shi_2017_2019,STD,125.41595220360165,13046.198625787618,356.8266236632257,0.5499222829293746,0.05249329572571486
113,no_distance_huai_an_shi_2017_2019,Mean,2.5476417890282277,685.1775016934275,918.558160024196,1.2757277819745845,1.0523970332913872
114,mix_years_liao_cheng_shi_2017_2019,STD,155.21683495874927,20904.000903526237,468.84477735830234,0.7722032281175859,0.05479378901985992
115,mix_years_liao_cheng_shi_2017_2019,Mean,6.909626573271385,1324.151319379814,884.0312060535695,1.3288428084941513,1.04965564920401
116,no_distance_wu_hu_shi_2017_2019,STD,109.4519703367048,15131.167049163605,394.48613482235453,0.6399490777893366,0.05290635597153219
117,no_distance_wu_hu_shi_2017_2019,Mean,2.6337075972239257,744.8360864069941,958.4536211146493,1.2643849464013688,1.0484540971417187
118,no_distance_cheng_de_shi_2017_2019,STD,8.743365706466284,1906.2426397214838,400.7594225328204,0.4693161274560269,0.04742594636328608
119,no_distance_cheng_de_shi_2017_2019,Mean,1.6642830099614314,629.6848868538269,855.6002832252502,1.2752966551803298,1.0531303180644414
120,no_distance_xuan_cheng_shi_2017_2019,STD,50.898757781010865,6470.91841053573,389.6586422904949,0.4693522236625318,0.048349069265237556
121,no_distance_xuan_cheng_shi_2017_2019,Mean,1.962038959617761,589.8501273448849,941.4873642661115,1.228842754736794,1.0455621113113285
122,mix_no_years_yan_tai_shi_2017_2019,STD,67.50399676106429,12614.636396398204,485.2036766506078,0.734393229194919,0.046364462071772486
123,mix_no_years_yan_tai_shi_2017_2019,Mean,4.924796405856966,1080.4130088131178,886.4407334610963,1.2580737742842982,1.0442585000683098
124,mix_no_years_bei_jing_shi_2017_2019,STD,172.51760915872768,35045.77579893785,449.1635950599462,0.8944175059338973,0.050386352426795705
125,mix_no_years_bei_jing_shi_2017_2019,Mean,4.920504514556193,1174.8080098560874,930.775698551664,1.2686412205828694,1.044328047597032
126,with_distance_pu_yang_shi_2017_2019,STD,263.01038066817216,28735.72546077125,460.09639430235165,0.7999087773601109,0.055729183721507924
127,with_distance_pu_yang_shi_2017_2019,Mean,7.399673039859042,1380.8415326318318,901.2566604823058,1.3416373691937193,1.0519778712723844
128,with_distance_liu_an_shi_2017_2019,STD,94.67454412533702,12297.263519748321,385.403818939292,0.5439124686205301,0.05136180598483741
129,with_distance_liu_an_shi_2017_2019,Mean,2.1274744520686126,653.4315377972149,919.5699524913483,1.2605591150898834,1.049255703048635
130,no_distance_fu_yang_shi_2017_2019,STD,600.0884646556291,71305.44038780055,411.49661265421094,0.9246837119628082,0.056593652130539976
131,no_distance_fu_yang_shi_2017_2019,Mean,7.465099010495886,1576.2280137218436,761.5160959945166,1.4136913453043694,1.061695999854195
132,with_distance_an_yang_shi_2017_2019,STD,214.96907873042016,26066.202321925837,459.79862485608464,0.779948958698878,0.05673133398375848
133,with_distance_an_yang_shi_2017_2019,Mean,6.87694258874035,1336.8042721869983,906.700517401652,1.350918926971339,1.0528585109182587
134,with_distance_fu_yang_shi_2017_2019,STD,599.6243045569315,67649.0262183759,418.6026227929976,0.9171763813700556,0.05706641028755576
135,with_distance_fu_yang_shi_2017_2019,Mean,7.855388010562023,1615.4137290288754,760.7542088038891,1.4269679780543596,1.0628315021449926
136,no_distance_an_yang_shi_2017_2019,STD,216.39115840763859,26564.411873089233,456.7255047941763,0.7798834207452934,0.05570665836729199
137,no_distance_an_yang_shi_2017_2019,Mean,7.041624145321983,1361.9470981880916,893.1181582157715,1.3509619418677041,1.0533752742212514
138,no_distance_yang_zhou_shi_2017_2019,STD,130.80945695818556,17369.83169697793,360.0706925362505,0.6401555220218194,0.053298435813057696
139,no_distance_yang_zhou_shi_2017_2019,Mean,3.137764410290236,813.2364549296876,897.4660690192272,1.2849185389410103,1.051637921775108
140,no_distance_zhang_jia_kou_shi_2017_2019,STD,35.93901050428484,4924.800279102463,408.7424712208024,0.6102548932663339,0.05265166426287364
141,no_distance_zhang_jia_kou_shi_2017_2019,Mean,2.6794038047753097,794.9009357927995,903.6300816269473,1.2954122050223966,1.0516580206935318
142,mix_no_years_su_zhou_shi_2017_2019,STD,114.93018599185592,14780.84654568788,469.7637358649005,0.751535238696043,0.05289909790803532
143,mix_no_years_su_zhou_shi_2017_2019,Mean,7.086051065394918,1425.1836674234903,779.6761551563816,1.3551332697784566,1.052102280541697
144,with_distance_zhang_jia_kou_shi_2017_2019,STD,34.225588648477704,5173.942186239767,412.6859603739845,0.6433007618591834,0.05427151929797436
145,with_distance_zhang_jia_kou_shi_2017_2019,Mean,2.4834895002613417,758.9037018631503,933.9164635554064,1.287627563542677,1.0495593876801825
146,mix_no_years_lin_yi_shi_2017_2019,STD,373.4887227546488,46829.99787530931,452.27295850417573,0.716142609423561,0.04520312369981579
147,mix_no_years_lin_yi_shi_2017_2019,Mean,7.173118223067268,1236.713057645925,872.6764324401048,1.2352744988079036,1.0400141840359334
148,mix_no_years_yan_cheng_shi_2017_2019,STD,99.43651287788231,17242.803182995016,361.5510627823122,0.664897174989235,0.05066498536309026
149,mix_no_years_yan_cheng_shi_2017_2019,Mean,3.0016241808025796,849.932736516336,850.331405280973,1.274537502929969,1.049195527356614
150,mix_years_xing_tai_shi_2017_2019,STD,156.85520540198692,18636.12175584732,489.3980418126088,0.709330770605866,0.05238119969644279
151,mix_years_xing_tai_shi_2017_2019,Mean,7.242216487479488,1264.7143295144292,914.4963765843555,1.309520082278581,1.0491658857015929
152,with_distance_he_fei_shi_2017_2019,STD,414.44344608009374,42197.26340345922,382.94387372851384,0.664250152101762,0.05310260063137997
153,with_distance_he_fei_shi_2017_2019,Mean,4.02406061586564,898.9381728487148,890.4439699692376,1.283079020769093,1.049754087466378
154,mix_years_ma_an_shan_shi_2017_2019,STD,135.1379262797706,19128.65414269381,412.585889009573,0.6577320048106353,0.052231049282356626
155,mix_years_ma_an_shan_shi_2017_2019,Mean,3.2068527914200455,819.8151359794266,960.9553790314183,1.2611799140066355,1.0470156491399125
156,mix_no_years_2017_2019,STD,304.33947190216,40993.4321693345,430.6569839193599,0.7115900089681271,0.04939438762061299
157,mix_no_years_2017_2019,Mean,4.976236869801269,1058.416085716588,877.5749116683587,1.2664476590472589,1.0458214504581178
158,no_distance_chu_zhou_shi_2017_2019,STD,109.27250957193081,10206.60592251136,397.0175829243209,0.49972322009886566,0.05000445500021289
159,no_distance_chu_zhou_shi_2017_2019,Mean,2.132219659710646,611.1999799603484,951.4750238379514,1.2391755315477164,1.0462914214302639
160,mix_no_years_qin_huang_dao_shi_2017_2019,STD,87.99743691601017,16407.12621383036,442.272031344886,0.7318224557808846,0.04679069263879588
161,mix_no_years_qin_huang_dao_shi_2017_2019,Mean,5.126071500575914,1111.7988907485026,859.4388627313907,1.2629890363645488,1.044769906407231
162,mix_no_years_zhu_ma_dian_shi_2017_2019,STD,142.81308565683028,17914.705651570068,477.4119481580104,0.5922909568530653,0.04696902662422081
163,mix_no_years_zhu_ma_dian_shi_2017_2019,Mean,4.8499837922158875,1022.447891708109,802.3069811092738,1.2732287882236193,1.0469048781884196
164,mix_no_years_ji_ning_shi_2017_2019,STD,160.11695557883726,21274.679810016045,458.5084287667894,0.7227947684549164,0.04971021839530713
165,mix_no_years_ji_ning_shi_2017_2019,Mean,6.30070285957099,1191.716574480918,886.8011760722144,1.2673981722282406,1.0438175749458702
166,with_distance_tang_shan_shi_2017_2019,STD,119.49579542938193,17968.608796441822,439.210003114203,0.7708109680138867,0.05489823783274056
167,with_distance_tang_shan_shi_2017_2019,Mean,5.376475764133302,1180.8976759342504,893.1623346135865,1.320391356929126,1.0519730762743746
168,with_distance_ji_ning_shi_2017_2019,STD,161.0662163967607,19000.618030756803,442.65470457052635,0.7272606284133585,0.054105869737552055
169,with_distance_ji_ning_shi_2017_2019,Mean,6.058757309818466,1177.3753447506524,911.4071647096994,1.3058158796549242,1.0488779292539359
170,mix_no_years_he_ze_shi_2017_2019,STD,230.7387142136674,27921.854912011047,480.1483427244954,0.7633617671499374,0.04960001748771395
171,mix_no_years_he_ze_shi_2017_2019,Mean,8.770451394542206,1512.1520692645702,798.5479670684679,1.3094751590969305,1.0469146947519696
172,no_distance_kai_feng_shi_2017_2019,STD,668.419265778851,53839.143200306404,434.8824859621341,0.8206512166297211,0.051416653995490995
173,no_distance_kai_feng_shi_2017_2019,Mean,13.198089778671337,1807.379545981075,772.4095767234825,1.362970702459641,1.0587033318775751
174,with_distance_yan_cheng_shi_2017_2019,STD,103.73996532307822,13718.301996827948,347.93132319901883,0.6530046809256067,0.054949481411730866
175,with_distance_yan_cheng_shi_2017_2019,Mean,2.6541082170219794,761.5932753371883,914.5229436016953,1.2899039311428353,1.0517946003210477
176,mix_no_years_ji_nan_shi_2017_2019,STD,251.46296477520815,35876.01100308453,446.27501577294476,0.7507877721626217,0.04947802804592391
177,mix_no_years_ji_nan_shi_2017_2019,Mean,5.28784560797597,1101.8640327218834,915.6574766504127,1.2536095533591372,1.0432339430012225
178,mix_years_ri_zhao_shi_2017_2019,STD,168.25467705928358,17016.925828058163,459.0818165953415,0.611756958255474,0.04472777912292421
179,mix_years_ri_zhao_shi_2017_2019,Mean,7.2782530277586215,1209.1116274807453,795.2014501791773,1.2693004041138936,1.0463004307717882
180,no_distance_huai_nan_shi_2017_2019,STD,185.81245308544152,20770.80708721795,433.94143483920607,0.7771347209813853,0.05646327505968657
181,no_distance_huai_nan_shi_2017_2019,Mean,5.681599066733422,1158.4559285104763,929.6648185769242,1.323751757218041,1.052149070575285
182,with_distance_lian_yun_gang_shi_2017_2019,STD,131.90244477900097,15708.644094781685,406.5109278390254,0.6184899526326577,0.0523113972931375
183,with_distance_lian_yun_gang_shi_2017_2019,Mean,4.173535384676267,861.6287027199755,961.1144949562068,1.2645145143462904,1.04775782124006
184,no_distance_heng_shui_shi_2017_2019,STD,74.06195765021488,9464.175221445015,455.78989711120414,0.7111100199292029,0.057850158676508126
185,no_distance_heng_shui_shi_2017_2019,Mean,5.676582537773604,1257.6251499117716,837.4853757522947,1.390014138264955,1.0574149762113547
186,with_distance_xu_zhou_shi_2017_2019,STD,328.4196537661571,33770.13619733147,455.53836372169684,0.7657968846298912,0.054923735643339584
187,with_distance_xu_zhou_shi_2017_2019,Mean,6.98502905154149,1294.6089161383954,900.4963456137472,1.3333508058532084,1.0521746914417491
188,no_distance_lang_fang_shi_2017_2019,STD,96.99474249618893,12176.26908521194,425.3552231300015,0.8087062227923609,0.056299831885416526
189,no_distance_lang_fang_shi_2017_2019,Mean,7.385842988330837,1401.560508178974,842.14956109145,1.3490606995951677,1.0514339187909414
190,mix_years_wei_hai_shi_2017_2019,STD,54.302660849598475,8233.141342959898,484.59704094213953,0.6817163321959633,0.05050553833308635
191,mix_years_wei_hai_shi_2017_2019,Mean,4.346205408043704,991.5909903932019,932.2926456912191,1.2806302399308034,1.0471364194654589
192,no_distance_nan_yang_shi_2017_2019,STD,130.15765796301417,15213.607100457015,425.3212741398497,0.6486158189162146,0.05376769622039503
193,no_distance_nan_yang_shi_2017_2019,Mean,3.2776214966012347,863.3580318699371,918.7833091866113,1.30291248435943,1.0520001392719025
194,mix_years_wu_hu_shi_2017_2019,STD,106.93591177198807,14277.183604124359,400.5453102439108,0.6147356563485062,0.0525397306330721
195,mix_years_wu_hu_shi_2017_2019,Mean,2.636670297365122,727.2614481848977,965.5572465402619,1.2599741981920358,1.0479683783390552
196,with_distance_su_zhou_shi_2017_2019,STD,366.5437719485054,56123.02054939011,372.941091833721,0.9076265752627252,0.05882851554378574
197,with_distance_su_zhou_shi_2017_2019,Mean,5.023720786731621,1131.1944923625676,1029.6891248029622,1.2980768880403983,1.0506729771803072
198,mix_no_years_pu_yang_shi_2017_2019,STD,206.25481239832348,28495.40577702085,482.03810406137956,0.8144371918156471,0.04927880692445171
199,mix_no_years_pu_yang_shi_2017_2019,Mean,8.267803836410184,1479.677827190606,844.8746545834358,1.290642966556457,1.0449265058700548
200,mix_no_years_xing_tai_shi_2017_2019,STD,153.58035716307555,22047.526603591734,495.6126879711639,0.758689441846792,0.04941370200611474
201,mix_no_years_xing_tai_shi_2017_2019,Mean,7.668312048184194,1354.9722859500232,890.0537574954429,1.2886273191944613,1.04582752227602
202,no_distance_wu_xi_shi_2017_2019,STD,248.48095943769871,37773.24664899771,396.95742841041067,0.813933348820935,0.052571033608792
203,no_distance_wu_xi_shi_2017_2019,Mean,5.218083921749958,1088.0960499761186,989.8457184775534,1.2601814422683308,1.0464658593124532
204,no_distance_lian_yun_gang_shi_2017_2019,STD,113.23128620424373,12630.699649821212,406.27161575543244,0.6161530677164277,0.0517899205066581
205,no_distance_lian_yun_gang_shi_2017_2019,Mean,4.2641536228713885,875.5101730128854,943.6732850779479,1.2660757739686814,1.0479575326492025
206,with_distance_ta_he_shi_2017_2019,STD,230.9944256641679,21550.144015290454,465.2491337315003,0.7985698699298275,0.05796223881982392
207,with_distance_ta_he_shi_2017_2019,Mean,9.460461999204075,1631.7540044029565,807.9760305581771,1.4182058830288538,1.0594698697778029
208,with_distance_dong_ying_shi_2017_2019,STD,306.1271291860137,31785.237823496693,387.8291611229173,0.8580844174207833,0.052385916148513935
209,with_distance_dong_ying_shi_2017_2019,Mean,7.946990274546527,1362.3522726625756,849.3270742265888,1.3101591135248651,1.05135061290369
210,mix_no_years_chu_zhou_shi_2017_2019,STD,99.16206090868373,12828.810693622037,419.17055853173173,0.5087806765025248,0.04783040616245294
211,mix_no_years_chu_zhou_shi_2017_2019,Mean,2.270445365939659,643.0574504604457,946.4741084110558,1.2234040182940933,1.0432785044081871
212,mix_years_yan_cheng_shi_2017_2019,STD,103.50909955900784,13690.994126949257,375.95824816343145,0.5911274081268116,0.052689791835637226
213,mix_years_yan_cheng_shi_2017_2019,Mean,2.7615256687114544,726.8035293080552,951.4187844347288,1.2572839447323716,1.0469584905579392
214,no_distance_xing_tai_shi_2017_2019,STD,158.08753915606962,20233.099527437807,468.64851914518795,0.7809763310200591,0.055688835753134026
215,no_distance_xing_tai_shi_2017_2019,Mean,7.150170885141662,1350.7418781130264,896.144943506191,1.3537334189750163,1.0543213219840342
216,mix_no_years_lian_yun_gang_shi_2017_2019,STD,98.51703287306881,13893.47699069126,429.1005283594626,0.6497362736231884,0.048907549323725645
217,mix_no_years_lian_yun_gang_shi_2017_2019,Mean,4.876318404820541,997.1756323156087,882.8289100818253,1.2603127649260313,1.0452232472031422
218,no_distance_huai_bei_shi_2017_2019,STD,255.16616872648714,27383.371322144307,422.31252229451906,0.7564703831670437,0.0567798400977366
219,no_distance_huai_bei_shi_2017_2019,Mean,6.767834926104957,1312.414494373694,809.4135541235917,1.366198702484188,1.056206453508136
220,with_distance_qin_huang_dao_shi_2017_2019,STD,89.82969148177287,14558.598853326956,419.83627224191537,0.7558219853627849,0.05305861440449384
221,with_distance_qin_huang_dao_shi_2017_2019,Mean,4.465166213378736,1054.1929059599795,893.5776113958469,1.309341062659391,1.0509293001474036
222,mix_years_shi_jia_zhuang_shi_2017_2019,STD,223.46901107136165,31088.231820826626,461.70933313056594,0.7168672779653359,0.05131632541915371
223,mix_years_shi_jia_zhuang_shi_2017_2019,Mean,6.229855481367454,1145.3536263510073,936.6753331132452,1.2803654524744057,1.0469562388039815
224,with_distance_wei_fang_shi_2017_2019,STD,183.9960909332645,25051.76948867239,426.3836491411369,0.7486497584121007,0.04962477011573093
225,with_distance_wei_fang_shi_2017_2019,Mean,6.148815119512304,1207.832804973021,850.6220108833444,1.2951974045933166,1.0500329526680572
226,mix_years_nan_yang_shi_2017_2019,STD,108.68518567065956,12459.190041511749,445.88181535849765,0.612857714209209,0.0517111922614764
227,mix_years_nan_yang_shi_2017_2019,Mean,3.419235407200967,854.8497338189445,915.9596850509505,1.2835751130136699,1.04879706650164
228,with_distance_ri_zhao_shi_2017_2019,STD,179.93274582281276,18910.940097884057,433.77410724363165,0.6554312752741897,0.04745209661211091
229,with_distance_ri_zhao_shi_2017_2019,Mean,7.189342062141109,1236.3380137065258,798.3687944835231,1.296606514346842,1.0506221960134672
230,mix_years_zi_bo_shi_2017_2019,STD,498.05179795119625,56697.26481059161,419.97880418841396,0.751499161236821,0.04734319559094717
231,mix_years_zi_bo_shi_2017_2019,Mean,7.294394294934422,1222.2596076273292,898.0579812334281,1.235700146059329,1.0418880364749457
232,no_distance_tian_jin_shi_2017_2019,STD,318.9395197495134,48741.45266810717,418.12131167467584,0.9409434201748185,0.05592871136187938
233,no_distance_tian_jin_shi_2017_2019,Mean,7.671103421151975,1489.0104687456783,899.453204748363,1.323760249203324,1.050510188125305
234,no_distance_he_ze_shi_2017_2019,STD,313.9295571247412,29720.62642985743,454.41591430231136,0.7876592937669259,0.056935158712116775
235,no_distance_he_ze_shi_2017_2019,Mean,7.838861466870333,1431.299895807403,845.3705141204687,1.372093005557236,1.0549763022514858
236,with_distance_zhen_jiang_shi_2017_2019,STD,182.0501548547348,26992.82587986939,406.05161967059234,0.7207994067001436,0.053470639701246575
237,with_distance_zhen_jiang_shi_2017_2019,Mean,3.8910823541016435,921.5163315839295,970.7767063008191,1.2773522248762472,1.0494685845670588
238,mix_no_years_heng_shui_shi_2017_2019,STD,62.93154104683208,9110.370256398877,477.28246668745777,0.687352857132448,0.052869859071901164
239,mix_no_years_heng_shui_shi_2017_2019,Mean,5.899403880362846,1256.8822966482837,819.4386826797077,1.3419501542724062,1.051497468212489
240,no_distance_liu_an_shi_2017_2019,STD,84.94859969593726,10757.256749217702,384.37476415689343,0.5267536610483536,0.05023376332838792
241,no_distance_liu_an_shi_2017_2019,Mean,2.118127098094744,647.1698202639899,907.4174654563668,1.2527093522502166,1.0484003142251608
242,mix_years_tong_ling_shi_2017_2019,STD,125.12737783138965,18598.565604279294,389.49661986989963,0.7499854944505635,0.05385999947861681
243,mix_years_tong_ling_shi_2017_2019,Mean,3.5232174725909386,891.2477998111146,985.4311130857742,1.2670565284035877,1.0476344093779089
244,mix_years_chang_zhou_shi_2017_2019,STD,222.09187055249777,29908.010037639076,400.93670806351,0.6835538334723708,0.05054615802216164
245,mix_years_chang_zhou_shi_2017_2019,Mean,4.112515972657055,893.0902100080787,973.2883527857845,1.2451094957358921,1.0455098343949067
246,no_distance_jiao_zuo_shi_2017_2019,STD,318.62831087895324,36191.44186284693,459.8200746150402,0.7640426317077306,0.05207289416380751
247,no_distance_jiao_zuo_shi_2017_2019,Mean,6.815433236946328,1188.7170576378273,995.6860050173875,1.27511019353097,1.0475331193816284
248,with_distance_he_bi_shi_2017_2019,STD,108.28116659003327,15563.571090661715,456.2965155074551,0.7914630299098188,0.05436796086128826
249,with_distance_he_bi_shi_2017_2019,Mean,6.081869355596968,1258.8772987105474,903.1496406798199,1.3311471398929173,1.0518993180892438
250,mix_no_years_wei_fang_shi_2017_2019,STD,146.14709537550235,24015.51834775875,433.2527205284776,0.8154557015980729,0.04581351748322489
251,mix_no_years_wei_fang_shi_2017_2019,Mean,6.9359500383033135,1351.6091206723315,786.5942621452418,1.2742249613267949,1.0459403722755782
252,no_distance_luo_yang_shi_2017_2019,STD,265.61033446301695,34337.04573385446,406.3238100410513,0.6817405185686549,0.051820522661721886
253,no_distance_luo_yang_shi_2017_2019,Mean,3.7556056355424148,869.6540523324735,985.590404110933,1.2558038462191021,1.0464367049320291
254,with_distance_tai_zhou_shi_2017_2019,STD,207.88785812128395,25849.851412969358,375.2065210272076,0.7418478264733699,0.05596808541194026
255,with_distance_tai_zhou_shi_2017_2019,Mean,4.661967939301102,1059.4206776180981,867.4204484647888,1.317649283907755,1.0545527124705685
256,mix_years_san_men_xia_shi_2017_2019,STD,47.45270773945915,6188.158474336162,424.06591751008796,0.5572847034894332,0.048291204260529096
257,mix_years_san_men_xia_shi_2017_2019,Mean,2.94955889532645,743.563459901638,933.0508760205047,1.2354023627325907,1.0430599952711725
258,mix_no_years_zi_bo_shi_2017_2019,STD,511.0381784530638,69573.93424788253,421.91777733679874,0.8619764278781777,0.04441830921120874
259,mix_no_years_zi_bo_shi_2017_2019,Mean,7.673829981030511,1366.1548270372778,873.6447912733368,1.2184289009277234,1.0393603658868007
260,with_distance_xin_xiang_shi_2017_2019,STD,260.72795521652966,26570.151932808138,479.11581794975166,0.7564025095477659,0.05337865946036554
261,with_distance_xin_xiang_shi_2017_2019,Mean,8.948673028218145,1422.117378507876,911.3923606185218,1.3204430141432335,1.0502912212957043
262,mix_no_years_liao_cheng_shi_2017_2019,STD,145.772516649424,21953.75810034573,472.99415223240015,0.8054253483163404,0.05137145066880165
263,mix_no_years_liao_cheng_shi_2017_2019,Mean,7.120046060747462,1380.2613073416517,849.5611694347909,1.3055257983113253,1.0464494077420585
264,mix_no_years_bin_zhou_shi_2017_2019,STD,111.87658888959456,15492.863294796014,433.72227003771127,0.7398116666925789,0.048113289327989306
265,mix_no_years_bin_zhou_shi_2017_2019,Mean,6.49212729291053,1258.3268212146536,798.4102222270717,1.273134044299659,1.0439610414280636
266,mix_years_chi_zhou_shi_2017_2019,STD,54.770059734842256,7526.535825347119,415.26870201976357,0.5093684679296157,0.048244423917802245
267,mix_years_chi_zhou_shi_2017_2019,Mean,2.4399242490692985,703.7259285518012,860.2061143838383,1.2523080940189737,1.0468254331221374
268,mix_years_xu_chang_shi_2017_2019,STD,365.94037276303465,40856.54327599431,472.03530483700894,0.7620977218535971,0.05287672228995922
269,mix_years_xu_chang_shi_2017_2019,Mean,7.3376325783843415,1332.7956116747978,874.2845251506487,1.318589264306174,1.0503850711093448
270,mix_years_wei_fang_shi_2017_2019,STD,154.77486449509996,19043.50330724128,451.90885293994955,0.6824905115436117,0.047038206170156346
271,mix_years_wei_fang_shi_2017_2019,Mean,6.444361550593974,1167.8719993810657,851.6742957423581,1.266621377325724,1.0457814408709587
272,no_distance_xu_zhou_shi_2017_2019,STD,315.8558087288795,31674.32836078729,457.141029883576,0.7700216775581806,0.05519791120930345
273,no_distance_xu_zhou_shi_2017_2019,Mean,6.972171135206237,1299.7736138110108,895.4465886308013,1.335907779461921,1.0521217342586986
274,no_distance_su_zhou_shi_2017_2019,STD,146.82997913249798,15950.85505124034,438.64065234816064,0.7787332268724594,0.058868266523851805
275,no_distance_su_zhou_shi_2017_2019,Mean,6.2476855544607,1354.54769608515,810.0879123802209,1.4123540139687558,1.0599338175022475
276,with_distance_lang_fang_shi_2017_2019,STD,93.69739415687313,11438.629897548302,424.73381747128263,0.7977806098226181,0.0558714166638291
277,with_distance_lang_fang_shi_2017_2019,Mean,7.365523619846019,1383.9480135795152,852.7719853041541,1.342597027250069,1.050768532916125
278,mix_no_years_de_zhou_shi_2017_2019,STD,84.08080620568408,11821.21734620754,485.09477698374565,0.7010060461226505,0.05092828792884812
279,mix_no_years_de_zhou_shi_2017_2019,Mean,5.972143752820816,1259.877895455027,797.4876556545474,1.323995207969246,1.0499163174791317
280,mix_no_years_xu_chang_shi_2017_2019,STD,328.0370563124512,44056.83257868236,484.93435219627224,0.7947482953847879,0.04905235035341834
281,mix_no_years_xu_chang_shi_2017_2019,Mean,7.494045223924822,1371.580522712554,886.8514178298503,1.280610359071746,1.0457780245125583
282,no_distance_zhen_jiang_shi_2017_2019,STD,184.34709864238573,26263.005190147283,406.4933457319811,0.7238338312697284,0.05344676760270987
283,no_distance_zhen_jiang_shi_2017_2019,Mean,3.90995150038182,926.7176761737373,968.5155707920278,1.2768437745545738,1.0492044646838063
284,mix_years_xuan_cheng_shi_2017_2019,STD,53.60825558801665,6250.497937874906,400.6663013970318,0.4487234496758181,0.047242031313198776
285,mix_years_xuan_cheng_shi_2017_2019,Mean,1.982546550689856,576.5803294762082,950.4109334352212,1.2158071894145055,1.043166827435486
286,with_distance_wu_xi_shi_2017_2019,STD,242.15748883230663,37098.367453331404,393.1882349064158,0.8191229864719737,0.05318347666734471
287,with_distance_wu_xi_shi_2017_2019,Mean,5.124877409912425,1079.1579846604627,1000.5363011939571,1.2631132092447321,1.0467978724371123
288,no_distance_zheng_zhou_shi_2017_2019,STD,935.7422815694481,103423.69672778947,434.75495271586124,0.8329056362432049,0.04964697734664452
289,no_distance_zheng_zhou_shi_2017_2019,Mean,7.938950500384994,1283.8479630739207,997.0491641501112,1.2432599634731987,1.0448776187339146
290,mix_no_years_nan_yang_shi_2017_2019,STD,89.69199527242449,12621.365206114055,460.0277320352172,0.629152624251512,0.049598813805349334
291,mix_no_years_nan_yang_shi_2017_2019,Mean,3.3710972806879407,837.3146279177506,955.1325118349417,1.248163408764864,1.043915188141016
292,mix_no_years_zheng_zhou_shi_2017_2019,STD,984.6014075398588,128457.21321053988,453.4635380402189,0.9560169192405158,0.04524428192592647
293,mix_no_years_zheng_zhou_shi_2017_2019,Mean,9.19702346797315,1542.0608519836635,939.9514613313396,1.2248853916102151,1.0416553851716777
294,no_distance_cang_zhou_shi_2017_2019,STD,94.12187130320218,12633.864655330057,445.5335102067319,0.7105702506354697,0.05444774294619785
295,no_distance_cang_zhou_shi_2017_2019,Mean,4.771731265797811,1033.8543309067495,974.1907647107216,1.2928156371030661,1.0477422076906313
296,no_distance_ji_nan_shi_2017_2019,STD,270.4304560779626,37127.30519695568,432.6881701320294,0.7638385667321868,0.05324288736346814
297,no_distance_ji_nan_shi_2017_2019,Mean,5.207566539066327,1119.037915151667,922.483085541248,1.2898916565180298,1.048056521811665
298,with_distance_tong_ling_shi_2017_2019,STD,122.02141208615048,18268.406695156544,384.7847440192157,0.7535956257973513,0.05437855319870601
299,with_distance_tong_ling_shi_2017_2019,Mean,3.5183889546524303,896.3849211149198,982.1618056771156,1.2741003856816635,1.048450761488141
300,mix_no_years_han_dan_shi_2017_2019,STD,221.95189866036455,29437.43646111722,495.7013552877751,0.778232662639654,0.05063136487604377
301,mix_no_years_han_dan_shi_2017_2019,Mean,8.099301028877132,1424.9864475442923,892.4583720161712,1.3034299935465585,1.0470740895310802
302,mix_years_kai_feng_shi_2017_2019,STD,569.7206252632345,47471.85052298322,449.6509594058452,0.7807895560795305,0.046023285014802816
303,mix_years_kai_feng_shi_2017_2019,Mean,14.297067213787209,1874.345086826706,727.035746364787,1.331040796115309,1.0547165273885606
304,mix_no_years_cheng_de_shi_2017_2019,STD,17.130735971725684,1767.8033696648636,473.5279713912432,0.34626823341631346,0.04385349949321573
305,mix_no_years_cheng_de_shi_2017_2019,Mean,2.163657221818776,547.7267298080459,999.0562762775422,1.1964013765615455,1.041794176359757
306,mix_years_ji_nan_shi_2017_2019,STD,265.5044584301478,34484.51760639572,442.6062189513037,0.7228658210076108,0.051993834933525
307,mix_years_ji_nan_shi_2017_2019,Mean,5.171367493292012,1066.7473247455198,936.0036660962454,1.2707592862813681,1.0454570796357008
308,no_distance_an_qing_shi_2017_2019,STD,68.44315180691707,8704.536564750944,386.11823088104967,0.5355704620170072,0.04960104987671474
309,no_distance_an_qing_shi_2017_2019,Mean,2.2139363431937045,673.8435844608381,885.3028769273865,1.256503574094759,1.0487384020281232
310,no_distance_de_zhou_shi_2017_2019,STD,95.39362205570676,10905.513490662612,467.7626281631874,0.7077513816244918,0.05618243919012749
311,no_distance_de_zhou_shi_2017_2019,Mean,5.675983494769022,1233.389256019574,833.7166710307549,1.3701662287920002,1.0556549555254964
312,with_distance_shang_qiu_shi_2017_2019,STD,301.5432256052282,26687.21962040425,460.2558011748563,0.770125879129511,0.05897154848623427
313,with_distance_shang_qiu_shi_2017_2019,Mean,7.031244853609595,1451.0093220473652,784.1554155886294,1.4463986588743083,1.0633860904800325
314,with_distance_2017_2019,STD,357.49722527200043,39740.391390130964,412.77342382598846,0.7056443180790767,0.053809763220064914
315,with_distance_2017_2019,Mean,4.574935752136806,1003.303061251429,910.9005931873124,1.2975166922879755,1.0501897578206976
316,mix_years_cheng_de_shi_2017_2019,STD,9.497972456769071,1648.8494607846646,450.0509327126073,0.4022886827849568,0.043982275995386046
317,mix_years_cheng_de_shi_2017_2019,Mean,1.678915399854711,579.5031398809527,893.4669882768178,1.2240798615958477,1.0445718634756966
318,mix_years_jiao_zuo_shi_2017_2019,STD,294.81929063532107,32402.775244553315,471.0063955592148,0.733362595438992,0.049959458045944136
319,mix_years_jiao_zuo_shi_2017_2019,Mean,6.983762434646166,1176.9712916767573,976.4311447729175,1.2607820298072967,1.0453771167024364
320,no_distance_zao_zhuang_shi_2017_2019,STD,190.25898582739296,18575.9754542143,439.52986544991955,0.6718078172144979,0.05187630758986281
321,no_distance_zao_zhuang_shi_2017_2019,Mean,5.950497064920639,1104.2165637400606,913.9026776232976,1.2852485582311197,1.0469444443800695
322,with_distance_ji_nan_shi_2017_2019,STD,260.7199163681257,35802.708227787654,434.94174301645137,0.7544628703810662,0.05311964423942462
323,with_distance_ji_nan_shi_2017_2019,Mean,5.173773823393264,1103.3024023563573,933.1367228884501,1.2842723097935256,1.0470926259440922
324,mix_years_bin_zhou_shi_2017_2019,STD,121.38180445047766,13702.990394658447,443.57769603178474,0.675111995240593,0.05122400665516864
325,mix_years_bin_zhou_shi_2017_2019,Mean,6.289225951790345,1165.2333109841836,854.7164772898092,1.2872698041298538,1.0466617954952606
326,with_distance_cang_zhou_shi_2017_2019,STD,92.51131944641868,12374.933442547455,445.19660627464873,0.7096650349649404,0.054455498289858045
327,with_distance_cang_zhou_shi_2017_2019,Mean,4.714115130764013,1019.6973319158639,985.2633812629537,1.2900187853523508,1.0473045989582241
328,mix_years_han_dan_shi_2017_2019,STD,185.0128339431165,20821.25203638445,491.82042985950864,0.742857302548199,0.05348110373962205
329,mix_years_han_dan_shi_2017_2019,Mean,7.6867135633056956,1353.0658454369816,910.6754143528951,1.3260352074578865,1.0499030162874616
330,with_distance_tian_jin_shi_2017_2019,STD,315.60791309206036,49104.91789064657,418.409370627447,0.9362360777125129,0.05523685969324476
331,with_distance_tian_jin_shi_2017_2019,Mean,7.547758495350638,1461.9146048271857,919.3764568390698,1.3120711366883022,1.0492349877025566
332,mix_years_liu_an_shi_2017_2019,STD,87.94831652080444,11856.939835232188,402.34923239395073,0.5274959627573795,0.04990714479738914
333,mix_years_liu_an_shi_2017_2019,Mean,2.248304870539517,668.8414207519928,908.7096828834555,1.251434896387882,1.0472799567243587
334,no_distance_san_men_xia_shi_2017_2019,STD,44.68581246097382,6685.757937854744,399.6289435934552,0.6301579962705391,0.05155886199301849
335,no_distance_san_men_xia_shi_2017_2019,Mean,2.8893140660559906,807.192971789097,918.2498908205114,1.2825779894901475,1.0506969454805573
336,mix_years_zheng_zhou_shi_2017_2019,STD,937.5952834186551,101204.41128297137,451.8323562460335,0.812908873616609,0.04728294359929385
337,mix_years_zheng_zhou_shi_2017_2019,Mean,8.527617904072518,1320.068711935827,960.4041711734624,1.2334122950034314,1.0428351288022903
338,with_distance_an_qing_shi_2017_2019,STD,68.29527444321303,8594.122578356022,389.7864160379805,0.5491335297325958,0.05032614143630092
339,with_distance_an_qing_shi_2017_2019,Mean,2.220290363971301,675.4463829828907,899.5986021404717,1.2587054578594814,1.0485609602675718
340,no_distance_shi_jia_zhuang_shi_2017_2019,STD,229.03305345511637,32397.989093168304,447.14783978650826,0.7729160603809491,0.05385952665910155
341,no_distance_shi_jia_zhuang_shi_2017_2019,Mean,6.22199542469375,1225.9676177536182,916.4318425744917,1.3176676784007773,1.0514521457593387
342,mix_years_tian_jin_shi_2017_2019,STD,305.60535577729416,44919.58800378152,432.6197940998601,0.8839138224931746,0.053957879065439515
343,mix_years_tian_jin_shi_2017_2019,Mean,7.75360949496368,1422.3642848927898,914.6374580235536,1.2993552624671973,1.0475777654509333
344,mix_no_years_xin_yang_shi_2017_2019,STD,51.08653244243245,6751.946700570878,407.8340971699874,0.48220194332246247,0.049297954286200076
345,mix_no_years_xin_yang_shi_2017_2019,Mean,1.7327676246660526,566.4397864182961,984.8110864837647,1.2170837379317225,1.044935223974875
346,no_distance_nan_tong_shi_2017_2019,STD,172.465014491276,26222.72271874522,365.955601771883,0.7352233008254072,0.05789062602518373
347,no_distance_nan_tong_shi_2017_2019,Mean,2.540963339683964,771.698011475397,1020.4454899463129,1.2889887697592282,1.0507892765781626
348,with_distance_jiao_zuo_shi_2017_2019,STD,277.58931612683,32339.64452579178,455.32843368147945,0.7810195057871399,0.05441062724176257
349,with_distance_jiao_zuo_shi_2017_2019,Mean,6.243791347410376,1135.446523370335,1024.8541858942995,1.2820307416899335,1.0481013372638763
350,mix_no_years_yang_zhou_shi_2017_2019,STD,112.69359912037928,17191.16723041157,377.8400771583567,0.6549054655151846,0.04959836823193933
351,mix_no_years_yang_zhou_shi_2017_2019,Mean,3.343967342907759,867.7828285487185,858.3424383190094,1.2636255438904809,1.0476591814761302
352,mix_no_years_fu_yang_shi_2017_2019,STD,499.0670725785975,69895.29088138758,427.79486384911166,0.9292001968689791,0.051248188968119605
353,mix_no_years_fu_yang_shi_2017_2019,Mean,9.011775595428215,1778.6172459059508,690.5129145367938,1.374794577429968,1.0551687343769218
354,with_distance_bao_ding_shi_2017_2019,STD,119.72208506663004,14962.792801653972,448.8969461566089,0.8121201238257201,0.058084938818213847
355,with_distance_bao_ding_shi_2017_2019,Mean,6.125284434620991,1291.221782423563,910.8998489887435,1.3638260268136864,1.0539656192668028
356,no_distance_ping_ding_shan_shi_2017_2019,STD,158.97199153997164,20578.833935374307,428.79536669981724,0.7009270345696275,0.05351838276841457
357,no_distance_ping_ding_shan_shi_2017_2019,Mean,4.213662610538632,987.5974411970017,935.6074014782228,1.29564141734726,1.0497107043407607
358,mix_no_years_wu_xi_shi_2017_2019,STD,241.19678395268224,39304.81239741151,407.4760634284995,0.8561918199274147,0.04875360292028011
359,mix_no_years_wu_xi_shi_2017_2019,Mean,5.501121317611642,1175.7725140925381,923.7524765696335,1.245267022670634,1.0436797534472861
360,with_distance_su_qian_shi_2017_2019,STD,122.82238620334819,13283.534673737586,379.491566543016,0.61471404489944,0.053642319668263556
361,with_distance_su_qian_shi_2017_2019,Mean,3.525778417732427,833.9169121551527,909.4730388299147,1.2903384330753342,1.0517322171584527
362,with_distance_huai_an_shi_2017_2019,STD,150.3644589397076,16687.864861990318,361.34282655636025,0.5374104182457624,0.051612851002812654
363,with_distance_huai_an_shi_2017_2019,Mean,2.5759817128408646,680.0392479022122,920.9976614535,1.2653588056310188,1.050946303914802
364,mix_no_years_zhang_jia_kou_shi_2017_2019,STD,58.90382311947567,4514.211645331863,407.9734203760156,0.4871171679155595,0.05394657650455659
365,mix_no_years_zhang_jia_kou_shi_2017_2019,Mean,2.7530993094155503,606.2708680533822,1038.5222031639105,1.2599686508722066,1.051441045735817
366,no_distance_pu_yang_shi_2017_2019,STD,253.94492398545103,26621.762224292503,460.62646009368814,0.7989614660006356,0.0561890370348055
367,no_distance_pu_yang_shi_2017_2019,Mean,7.357816764803114,1371.890576755253,900.6829119486936,1.344197221097593,1.051812157573711
368,mix_years_bang_bu_shi_2017_2019,STD,132.0646320582773,14383.45480258007,444.149876950327,0.7091108023971011,0.05651128435301067
369,mix_years_bang_bu_shi_2017_2019,Mean,4.598847043645502,1024.322845695424,945.1905942823247,1.3066506634700765,1.0502961586108277
370,with_distance_bei_jing_shi_2017_2019,STD,198.2903267792737,36501.87998013837,435.64588048724073,0.8651835295303291,0.05328847387648803
371,with_distance_bei_jing_shi_2017_2019,Mean,4.652167282635604,1129.6758440675626,959.1800594906662,1.2897409633245622,1.0481251146357573
372,with_distance_xing_tai_shi_2017_2019,STD,186.80771896578497,24328.199135827916,472.0066614339945,0.7750047334075454,0.05509605017975165
373,with_distance_xing_tai_shi_2017_2019,Mean,7.099666473744684,1330.6234967007915,913.5792346455681,1.3416474579268236,1.0529643885108961
374,mix_years_he_fei_shi_2017_2019,STD,387.9829961674256,37347.875072647774,403.7946296071785,0.6450453314389153,0.05155011537431799
375,mix_years_he_fei_shi_2017_2019,Mean,4.264738665611131,916.1801814357202,889.5029826809125,1.2724141076997182,1.0474495195199696
376,mix_years_su_qian_shi_2017_2019,STD,123.65344703165403,13669.00001097243,397.97696505503166,0.6143542048831018,0.05311844482138674
377,mix_years_su_qian_shi_2017_2019,Mean,3.809985442296629,872.2085433649162,902.2783684486385,1.2918632995963424,1.0512453473215495
378,mix_no_years_chi_zhou_shi_2017_2019,STD,64.58297625882376,8712.899114024105,402.9867247244109,0.4979684119288773,0.04685881461585776
379,mix_no_years_chi_zhou_shi_2017_2019,Mean,2.4492268892866913,686.4942791257984,876.9458200394789,1.2392768414151925,1.0459450188895996
380,no_distance_ri_zhao_shi_2017_2019,STD,173.89339226283468,17937.26714967781,427.80358025223103,0.651500925711156,0.047020012902289174
381,no_distance_ri_zhao_shi_2017_2019,Mean,7.1421088084634645,1238.243508812493,780.5273614990276,1.2994182918944113,1.0510704024744975
382,with_distance_nan_jing_shi_2017_2019,STD,279.22815140043133,39658.59015851822,384.512355094784,0.7896495628443393,0.053518086863435704
383,with_distance_nan_jing_shi_2017_2019,Mean,4.770651016907764,1051.0027637811068,934.8742496673002,1.2733581631068631,1.0473669478772207
384,no_distance_shang_qiu_shi_2017_2019,STD,313.0571824935072,28461.130760545275,458.00488797673773,0.7839042192293982,0.05934455159298898
385,no_distance_shang_qiu_shi_2017_2019,Mean,6.884098791031337,1440.307833803731,789.1529202664328,1.444040855978257,1.0629974861770324
386,mix_years_ping_ding_shan_shi_2017_2019,STD,155.0831815912121,20038.45442629931,438.13267639277393,0.6663141661434941,0.05180455048187337
387,mix_years_ping_ding_shan_shi_2017_2019,Mean,4.251608124533388,961.564571960881,930.3436703122658,1.2791817647881594,1.047607445444711
388,mix_years_wu_xi_shi_2017_2019,STD,242.04444875138853,36408.03236309486,399.53230064066537,0.8081742220502082,0.05261509264908306
389,mix_years_wu_xi_shi_2017_2019,Mean,5.264218314986665,1087.4598422068482,998.4550470139949,1.2606729055702017,1.0462453847431898
390,no_distance_bei_jing_shi_2017_2019,STD,192.68647890727698,35296.058053316985,436.44085026216504,0.8574134489016759,0.05309414604638618
391,no_distance_bei_jing_shi_2017_2019,Mean,4.675072897255766,1135.581711237209,945.6457868412969,1.2942126437490244,1.0488072476655415
392,mix_no_years_an_qing_shi_2017_2019,STD,77.54747132673022,10491.94243110172,401.1263469835721,0.5197969942378189,0.04763965587278655
393,mix_no_years_an_qing_shi_2017_2019,Mean,2.259947194748312,660.3913136040666,912.5280778121268,1.2323293531997694,1.0449515676936514
394,with_distance_san_men_xia_shi_2017_2019,STD,41.612011913277286,6499.323594649629,398.62911280006017,0.6784774170136166,0.05832616621917896
395,with_distance_san_men_xia_shi_2017_2019,Mean,2.4422019255268785,745.034353101302,988.1163939220976,1.2967247993067725,1.05116430190468
396,with_distance_yang_zhou_shi_2017_2019,STD,134.1133532721719,17409.23332471169,362.07291166995043,0.6262085676313004,0.052876934267023265
397,with_distance_yang_zhou_shi_2017_2019,Mean,3.13791489282045,796.2818803244403,907.7183083646433,1.277128277914861,1.0505940112345813
398,no_distance_ta_he_shi_2017_2019,STD,234.76655398846228,21225.233330281626,463.91445720391374,0.8034081061341023,0.05832101345354057
399,no_distance_ta_he_shi_2017_2019,Mean,9.50505279786832,1636.9364310920187,800.1676329725673,1.4195902632992372,1.0591795282015275
400,mix_years_qin_huang_dao_shi_2017_2019,STD,98.64087795901186,14745.83573901413,446.15544693432116,0.6392635115397596,0.048380590718166416
401,mix_years_qin_huang_dao_shi_2017_2019,Mean,4.831367818659163,1012.5096812387762,874.1504132631229,1.2718763179198556,1.0465832751633808
402,no_distance_han_dan_shi_2017_2019,STD,241.01560013873956,29165.495308223428,474.56727250108196,0.829050554096708,0.05693453453431568
403,no_distance_han_dan_shi_2017_2019,Mean,7.619733745159733,1456.0193405959656,900.338708167793,1.3682890727321138,1.0541626956890657
404,mix_no_years_zhou_kou_shi_2017_2019,STD,136.93906541712906,16264.672020468128,491.53601924706095,0.6766902379796834,0.050547529357330825
405,mix_no_years_zhou_kou_shi_2017_2019,Mean,7.573966250622286,1467.6723960333754,706.5766430327409,1.3631555346080582,1.0530964522491255
406,mix_years_lai_wu_shi_2017_2019,STD,122.32612537389393,16972.483588079445,417.5663727657213,0.6551273793729926,0.049690371263892696
407,mix_years_lai_wu_shi_2017_2019,Mean,3.6089756630314587,840.4585448914961,1000.4330715575168,1.2219886012209338,1.0420995063410299
408,no_distance_bang_bu_shi_2017_2019,STD,197.87092203469567,20634.377717378953,424.57038015857427,0.7333992376008388,0.05830342193235986
409,no_distance_bang_bu_shi_2017_2019,Mean,4.3092871634069985,1001.7134635329003,943.9943035196727,1.3198988599443024,1.052588733789067
410,no_distance_wei_hai_shi_2017_2019,STD,60.59562766580638,8724.136047133608,458.2956684598427,0.711183860399246,0.052104072506795836
411,no_distance_wei_hai_shi_2017_2019,Mean,4.344747390372574,1028.4032794707762,916.3532004574984,1.3093767716832714,1.0516219884440507
412,mix_years_huai_an_shi_2017_2019,STD,148.20041031074422,15744.677683324326,380.8891886477738,0.5213509645303895,0.050968066255458515
413,mix_years_huai_an_shi_2017_2019,Mean,2.675349101012573,681.2509316575845,932.0953407163764,1.2568904003842993,1.0490719620662254
414,mix_no_years_zhen_jiang_shi_2017_2019,STD,178.30253553556324,28514.981140034328,417.2484621052719,0.7505371438546161,0.0491134277950209
415,mix_no_years_zhen_jiang_shi_2017_2019,Mean,4.09496291387774,985.6950487198891,909.4308291878916,1.2552240284672207,1.04595869456083
416,mix_years_zhen_jiang_shi_2017_2019,STD,192.93358834639972,28085.886835473713,413.99229439127197,0.7177253884274771,0.05246649162900612
417,mix_years_zhen_jiang_shi_2017_2019,Mean,4.019934353342095,935.9414908115009,963.7447578704973,1.2711857542644323,1.0484412040194369
418,mix_no_years_huai_nan_shi_2017_2019,STD,179.89528349705478,22814.60795962599,452.81982640967436,0.8016578270292033,0.05113068128118306
419,mix_no_years_huai_nan_shi_2017_2019,Mean,6.171451455406796,1250.4166285868976,882.2076884349344,1.2889658083224662,1.046617603473638
420,mix_no_years_xuan_cheng_shi_2017_2019,STD,51.812623432423905,7142.96357479862,400.27856641028603,0.4604943125463444,0.04581622434731078
421,mix_no_years_xuan_cheng_shi_2017_2019,Mean,2.0038696599433115,586.2200668725143,945.3655812902259,1.206295794362632,1.041910433141724
422,mix_years_cang_zhou_shi_2017_2019,STD,89.81121215990197,11561.524207627284,457.11233615510815,0.6675986003563806,0.05242004984109263
423,mix_years_cang_zhou_shi_2017_2019,Mean,4.854376188828918,1001.6001024224244,981.7538073198061,1.2733268164528517,1.0454413281295993
424,mix_no_years_chang_zhou_shi_2017_2019,STD,214.17900851450804,31625.836091616882,402.62980635175103,0.7287063654834937,0.0474399308106928
425,mix_no_years_chang_zhou_shi_2017_2019,Mean,4.254573648137489,971.644366251134,897.8546395675039,1.2391981510509054,1.0442294466164854
426,mix_years_an_yang_shi_2017_2019,STD,189.36648828456433,22139.236206375805,469.3663934976186,0.7250891055906704,0.05325993259355473
427,mix_years_an_yang_shi_2017_2019,Mean,7.152610860480423,1302.4317163300464,890.6958702838489,1.3205307255829124,1.0497564463715847
428,mix_no_years_huai_bei_shi_2017_2019,STD,239.71172337713625,30726.00392724248,441.50043133129674,0.7525496065701783,0.048682986498616444
429,mix_no_years_huai_bei_shi_2017_2019,Mean,7.2256874171806755,1349.9209562502433,762.2065525601926,1.290197882979568,1.0471161333649248
430,mix_years_lian_yun_gang_shi_2017_2019,STD,113.43818647590844,13159.84753526677,423.85431949308133,0.6002025709512353,0.051351172670060334
431,mix_years_lian_yun_gang_shi_2017_2019,Mean,4.487154878747918,881.9978164863073,958.4078603139477,1.2590861277134646,1.0465360545298796
432,with_distance_zhu_ma_dian_shi_2017_2019,STD,173.66186904960293,17400.727979727653,431.54682663115875,0.6205274188822192,0.05194073312176566
433,with_distance_zhu_ma_dian_shi_2017_2019,Mean,4.635446938327276,1046.969534294008,790.4419024989454,1.3437785132628561,1.056949933484991
434,with_distance_bang_bu_shi_2017_2019,STD,193.56100396178735,21076.613293931143,424.47216491924274,0.7284100248947734,0.058288894833957404
435,with_distance_bang_bu_shi_2017_2019,Mean,4.315691951709612,1000.1191005551826,952.5705089156781,1.3194152809597088,1.0526330095112995
436,mix_years_tai_an_shi_2017_2019,STD,122.71168518151003,14497.220138997463,465.91507820338455,0.6482112291031829,0.05127391801572051
437,mix_years_tai_an_shi_2017_2019,Mean,4.3883358921721864,926.7969498882577,988.9980961878243,1.2601287572491628,1.044865728996321
438,with_distance_nan_yang_shi_2017_2019,STD,134.39934256133967,16414.54197906657,430.3584592334997,0.6584390790312411,0.054642715702333915
439,with_distance_nan_yang_shi_2017_2019,Mean,3.198259493969976,847.0809459860923,942.7217689150465,1.3000051874118639,1.0511248704517744
440,mix_years_xu_zhou_shi_2017_2019,STD,309.662089575174,30822.85245845805,474.8069890469774,0.7275496646243826,0.05274340871535487
441,mix_years_xu_zhou_shi_2017_2019,Mean,7.304368696521749,1289.3658118197397,892.5582200761424,1.313317061511614,1.04938123578425
442,with_distance_luo_yang_shi_2017_2019,STD,264.56642229503996,34420.16550108591,407.5607133057764,0.6709009841053986,0.05158240438442796
443,with_distance_luo_yang_shi_2017_2019,Mean,3.7214704655123225,849.21383213242,1001.3101515567138,1.2462853399181506,1.0451251105275552
444,no_distance_ji_ning_shi_2017_2019,STD,164.38446590596627,19305.486911794826,441.0459391488514,0.7288918537876924,0.05430747483437751
445,no_distance_ji_ning_shi_2017_2019,Mean,6.057454650414128,1184.851576297463,899.4001073580969,1.3115263646586852,1.0496522273899196
446,no_distance_zhou_kou_shi_2017_2019,STD,160.87442323458976,14695.310621068138,466.0999205914946,0.7427798980341026,0.05815589140010629
447,no_distance_zhou_kou_shi_2017_2019,Mean,7.016442683447327,1473.4083711192245,743.1192967336826,1.444635786289346,1.0620981854326208
448,mix_years_chu_zhou_shi_2017_2019,STD,96.88413082622542,9548.148784165893,413.43772646169975,0.4883804824341022,0.04926234990035438
449,mix_years_chu_zhou_shi_2017_2019,Mean,2.233032889174937,620.846686635117,958.1307769146863,1.234444153762079,1.0450901514281428
450,with_distance_xuan_cheng_shi_2017_2019,STD,51.77834683422465,6772.416185862685,388.2698563671346,0.5220026513916313,0.04959528462811491
451,with_distance_xuan_cheng_shi_2017_2019,Mean,1.886873074015318,586.8795047107945,971.9528245327696,1.2300878085394362,1.0450805968298762
452,no_distance_tai_an_shi_2017_2019,STD,120.3385098892692,14422.173473670442,455.2020587350289,0.679603602031407,0.052715787190920384
453,no_distance_tai_an_shi_2017_2019,Mean,4.3430856501704795,955.4065743026898,990.3986612075621,1.2758003916289842,1.0470276180065698
454,with_distance_wei_hai_shi_2017_2019,STD,47.598804455340385,8240.211442620366,460.6401341293726,0.7751025949185061,0.05703436979239022
455,with_distance_wei_hai_shi_2017_2019,Mean,3.8578860159804957,993.5647606202565,976.9389910243194,1.3244561440779359,1.0523936316537448
456,mix_years_de_zhou_shi_2017_2019,STD,95.48209427689191,11733.717905029176,480.7216960213961,0.6785012759708126,0.05395804917496886
457,mix_years_de_zhou_shi_2017_2019,Mean,5.792868376462615,1212.4003421308967,835.5005409597451,1.345417825352168,1.0531656293927867
458,mix_no_years_ma_an_shan_shi_2017_2019,STD,128.40856001927452,20669.26414963198,412.69559202538073,0.7025692785549127,0.049513311191829806
459,mix_no_years_ma_an_shan_shi_2017_2019,Mean,3.289034984311891,877.1575134617132,903.9670279091758,1.2512026699529204,1.0451104412220473
460,no_distance_chang_zhou_shi_2017_2019,STD,226.48130365515308,31194.338781772803,396.07067490594335,0.6897800376213453,0.05043160745391798
461,no_distance_chang_zhou_shi_2017_2019,Mean,4.049092705502736,894.4198894485666,962.8587500114041,1.2452638267577285,1.0457276401166988
462,mix_no_years_cang_zhou_shi_2017_2019,STD,81.7115017942643,11985.141192417797,459.190566566911,0.7000163543725568,0.049835382018059086
463,mix_no_years_cang_zhou_shi_2017_2019,Mean,5.028946540807689,1058.30026503492,930.7224778261793,1.262508484221838,1.043099443679543
464,mix_no_years_nan_tong_shi_2017_2019,STD,147.07244639993527,26123.883474930848,386.53167429635596,0.749742220423577,0.05340001156493394
465,mix_no_years_nan_tong_shi_2017_2019,Mean,2.743924660283696,834.4024504307956,967.1813894709585,1.270283426969581,1.047524710001782
466,mix_years_zhou_kou_shi_2017_2019,STD,152.52521353258317,14214.12953543841,487.1809403455822,0.6702488980722605,0.05443496402974005
467,mix_years_zhou_kou_shi_2017_2019,Mean,7.258766678294981,1418.7498124378928,739.5084628325378,1.3961332629596142,1.057227385308901
468,with_distance_zi_bo_shi_2017_2019,STD,491.8825811952493,59958.767094106406,408.40328821214024,0.803361240755391,0.04928568292924389
469,with_distance_zi_bo_shi_2017_2019,Mean,7.168576834659685,1268.8318355106662,902.5861683842547,1.2542179954567685,1.044411481328173
470,mix_no_years_tai_an_shi_2017_2019,STD,110.8867502068842,15647.259215368082,474.5438407285531,0.687178214920414,0.04932557902647055
471,mix_no_years_tai_an_shi_2017_2019,Mean,4.531955169207485,970.7561708485553,981.8142248966891,1.24479462479378,1.0422734336623898
472,mix_years_nan_tong_shi_2017_2019,STD,167.6935374903872,24543.460063198167,375.1486111220736,0.6989337117208517,0.05641346264629129
473,mix_years_nan_tong_shi_2017_2019,Mean,2.5707476498144866,744.0564300654327,1052.6057753825407,1.268871807773637,1.0481591361761045
474,no_distance_yan_tai_shi_2017_2019,STD,76.46183381148715,11637.755638708972,460.28812342306503,0.6908121702724096,0.05073179862244398
475,no_distance_yan_tai_shi_2017_2019,Mean,4.7935906033908156,1072.7286523379732,875.3837616534042,1.3097320911831636,1.052159348397607
476,no_distance_lin_yi_shi_2017_2019,STD,372.8057388119031,38154.0522360308,426.71996048228067,0.6722129897106386,0.049097146874353105
477,no_distance_lin_yi_shi_2017_2019,Mean,6.491140360509334,1148.05491173119,864.8278104309337,1.2747097055902412,1.046975866535646
478,with_distance_lin_yi_shi_2017_2019,STD,385.5395326391665,40431.36332938202,428.2993711746275,0.6807229190700702,0.049359958082304284
479,with_distance_lin_yi_shi_2017_2019,Mean,6.549483727913846,1153.9893900757224,881.093797043227,1.2719822964326368,1.046349342938036
480,mix_no_years_an_yang_shi_2017_2019,STD,181.37735545002337,25348.71806559678,477.705049548909,0.7540965294658435,0.05062720897047512
481,mix_no_years_an_yang_shi_2017_2019,Mean,7.258541543223178,1328.5111538799665,896.0340621067081,1.2943870706901213,1.0465901346033777
482,mix_no_years_bang_bu_shi_2017_2019,STD,191.80195825362765,25980.917918624345,455.75834125566195,0.7450101058695565,0.052957436617019356
483,mix_no_years_bang_bu_shi_2017_2019,Mean,4.934085786124255,1113.9873879665988,901.6619081220892,1.2859986041078972,1.046901642644761
484,mix_no_years_tian_jin_shi_2017_2019,STD,307.6868878993576,55578.05721953694,418.08977992761777,1.0327494886889932,0.051483666174933336
485,mix_no_years_tian_jin_shi_2017_2019,Mean,8.171968415731454,1642.0804710763643,837.247754711785,1.3025639507132223,1.0468485006520976
486,mix_years_luo_yang_shi_2017_2019,STD,263.95191991880176,32244.02158214463,415.52554834304567,0.6362438118518156,0.050011844291256706
487,mix_years_luo_yang_shi_2017_2019,Mean,3.791281895667,831.9630845140551,990.1156501507099,1.235490151490864,1.0436986151995504
488,with_distance_wu_hu_shi_2017_2019,STD,108.2590982257195,14461.077956069097,393.32961615788247,0.6331658839665474,0.053184166082684683
489,with_distance_wu_hu_shi_2017_2019,Mean,2.638722192839843,741.3826422128961,963.4207527062788,1.2666294769507045,1.048860388987384
490,mix_no_years_luo_yang_shi_2017_2019,STD,263.35745091200795,36474.343801750525,426.4989131844896,0.6664114698431197,0.04751988034717746
491,mix_no_years_luo_yang_shi_2017_2019,Mean,3.9777235113572953,871.7738348172251,1003.84785151978,1.2179361431145634,1.0411171216128021
492,with_distance_cheng_de_shi_2017_2019,STD,7.773300299744312,2423.6818066228857,433.63554723756374,0.6752688951899097,0.053145822996734884
493,with_distance_cheng_de_shi_2017_2019,Mean,1.3999744364803492,598.4641806933578,1001.851963114988,1.254519665597332,1.0452921794718089
494,with_distance_liao_cheng_shi_2017_2019,STD,168.11692930939347,21668.298531029202,452.33238632071857,0.8141625344478334,0.05740326424763802
495,with_distance_liao_cheng_shi_2017_2019,Mean,6.728316578083946,1357.994461959309,889.4890013776824,1.3591303021780343,1.0529523692574627
496,mix_years_huai_nan_shi_2017_2019,STD,180.52483425543878,18181.86483686011,448.5833435817442,0.7484891324053045,0.05551299965525582
497,mix_years_huai_nan_shi_2017_2019,Mean,5.866446195554693,1144.8363054149781,938.782940088611,1.3147859280449194,1.0505520707461222
498,with_distance_xin_yang_shi_2017_2019,STD,50.9130515648852,5832.305256769801,393.8218237617071,0.5019767123847512,0.05150429267724113
499,with_distance_xin_yang_shi_2017_2019,Mean,1.6587509316337727,557.3688141940688,997.3281875383907,1.2307532007023358,1.0469885244040977
500,mix_no_years_tong_ling_shi_2017_2019,STD,126.80034676183215,20342.21196578062,396.43828224852126,0.7590991147981728,0.05086845868185533
501,mix_no_years_tong_ling_shi_2017_2019,Mean,3.6901527420526037,940.4418825585558,930.1149998186468,1.254967126220121,1.0454136587062774
502,mix_years_tai_zhou_shi_2017_2019,STD,198.19536147564074,24122.948746725644,395.55143797795705,0.7172213213261811,0.05499422141093013
503,mix_years_tai_zhou_shi_2017_2019,Mean,4.767346173492672,1040.6504901640596,895.686467166639,1.2983752594593603,1.051423523218442
504,with_distance_nan_tong_shi_2017_2019,STD,166.24880662852527,24169.27537540584,367.6975331011913,0.7154905202081162,0.05726759526132628
505,with_distance_nan_tong_shi_2017_2019,Mean,2.5028785154805226,752.8638598692189,1022.6689508822809,1.28257619486241,1.0499743099432701
506,mix_years_zhu_ma_dian_shi_2017_2019,STD,150.3218673152253,14346.672021083708,458.79685959518173,0.5750789566335953,0.04939275072282655
507,mix_years_zhu_ma_dian_shi_2017_2019,Mean,4.727234225609477,1019.1417180272953,791.0782113870741,1.3131765105459476,1.0524348166852338
508,no_distance_2017_2019,STD,366.2285902005469,40275.8162318988,410.95226399679854,0.6999980063611543,0.05342951335946376
509,no_distance_2017_2019,Mean,4.628439238011173,1013.8054668223888,894.8107122735851,1.29993327024069,1.0506918509116416
510,mix_no_years_jiao_zuo_shi_2017_2019,STD,290.26584273400164,36459.78215710038,477.08207659581086,0.7820487486094757,0.04846762931471388
511,mix_no_years_jiao_zuo_shi_2017_2019,Mean,7.249915156318407,1248.4112054421169,966.1112518242288,1.2505201877353074,1.0439477461823135
512,mix_years_ji_ning_shi_2017_2019,STD,153.4102136631639,17587.248331077877,452.03710414725384,0.6858988348189997,0.05217947466316484
513,mix_years_ji_ning_shi_2017_2019,Mean,6.102454186937494,1137.5625960842926,904.4553001125515,1.2851931814542166,1.046705867594764
514,no_distance_xin_xiang_shi_2017_2019,STD,260.5396501610372,26395.138100909422,479.40753619274193,0.753241090306296,0.05315349161667502
515,no_distance_xin_xiang_shi_2017_2019,Mean,9.049036800969885,1422.0961380823803,904.441676750143,1.3194418934128294,1.050213251572968
516,no_distance_qing_dao_shi_2017_2019,STD,385.47026023337054,41632.89591696713,432.7524367220878,0.7262147753194368,0.04652625377376775
517,no_distance_qing_dao_shi_2017_2019,Mean,8.607703949405588,1384.8489799504746,787.9683875726278,1.2840332914030996,1.0487992725439454
518,with_distance_huai_nan_shi_2017_2019,STD,188.55202259903336,21330.741242437987,432.64066572428715,0.7807979830424012,0.05649897822396523
519,with_distance_huai_nan_shi_2017_2019,Mean,5.575888444246324,1143.4239184976454,949.8212930805067,1.3212848931265453,1.0520571509339627
520,with_distance_ma_an_shan_shi_2017_2019,STD,133.43291947339503,18126.770948635018,401.5840887413247,0.6623211421012718,0.05280671796735325
521,with_distance_ma_an_shan_shi_2017_2019,Mean,3.120628125123222,813.7047270060798,957.1913009963238,1.2676751137128925,1.0482030474356878
522,mix_years_huang_shan_shi_2017_2019,STD,29.378609912096096,4240.80280342726,422.4951167866304,0.5004980906247001,0.047330246252415956
523,mix_years_huang_shan_shi_2017_2019,Mean,2.2238603120245934,656.4999570364434,914.6458633458823,1.2288661120917312,1.0434014988294846
524,mix_years_bo_zhou_shi_2017_2019,STD,92.45061177358298,8175.511667655069,450.27113957047703,0.5997223853253497,0.05135387499110995
525,mix_years_bo_zhou_shi_2017_2019,Mean,4.93939577422221,1083.5779036621252,763.7903806735332,1.3350486738760903,1.0532533949045306
526,no_distance_yan_cheng_shi_2017_2019,STD,107.692975804841,14434.991469490898,340.50391461366536,0.666371710180366,0.05498251051026236
527,no_distance_yan_cheng_shi_2017_2019,Mean,2.7702527297792283,795.9740384478664,894.160402692601,1.3009990474605966,1.0536426182695298
528,mix_no_years_bo_zhou_shi_2017_2019,STD,95.7815216800173,11732.126499058184,456.3974187140997,0.604449259215613,0.047523895442578526
529,mix_no_years_bo_zhou_shi_2017_2019,Mean,5.301814216971666,1133.5757261102392,727.5410985344644,1.2953268498629544,1.0473869756925953
530,mix_no_years_he_bi_shi_2017_2019,STD,102.92606065319042,16098.562740405587,470.3908893711097,0.7977353537562436,0.052332919388316745
531,mix_no_years_he_bi_shi_2017_2019,Mean,6.238938506325003,1264.2259927390783,889.4084448914459,1.3058922874118457,1.0485697082375425
532,mix_years_lang_fang_shi_2017_2019,STD,90.18550102891523,10877.882543550095,441.60712317950777,0.7441370776798709,0.05313290367976841
533,mix_years_lang_fang_shi_2017_2019,Mean,7.531243134145184,1336.9193779593145,847.3556786019957,1.3154504468419834,1.0479192649200997
534,mix_years_yan_tai_shi_2017_2019,STD,68.39581270523212,10342.87827232633,485.96617866139724,0.6590798346806482,0.048990294143039084
535,mix_years_yan_tai_shi_2017_2019,Mean,4.804874896666468,1026.9811087331914,903.87333159076,1.2785248888259466,1.0475467839857695
536,mix_years_xin_xiang_shi_2017_2019,STD,291.2309520479965,29424.86114742776,491.9127741848261,0.7168767441425485,0.050397524287981346
537,mix_years_xin_xiang_shi_2017_2019,Mean,9.330269617867646,1394.3946192189956,890.0452792439382,1.294151615746444,1.0472126474136303
538,no_distance_su_qian_shi_2017_2019,STD,127.19219885456168,13614.372710687754,378.2680670491429,0.6257672452194211,0.05404459158951605
539,no_distance_su_qian_shi_2017_2019,Mean,3.517267910160002,842.1769775114782,900.2620625098525,1.2963269630215648,1.0524559313732371
540,no_distance_tong_ling_shi_2017_2019,STD,125.33125049715501,18888.055988465567,385.2561325154339,0.7574024628940048,0.05417967961346294
541,no_distance_tong_ling_shi_2017_2019,Mean,3.5329841193308376,901.5855515174303,977.4413652531946,1.273075158408938,1.0484110335966337
542,with_distance_zhou_kou_shi_2017_2019,STD,167.53525164433245,16552.116037791042,469.4636562505724,0.7281829601534348,0.05764680256076328
543,with_distance_zhou_kou_shi_2017_2019,Mean,7.07312993203385,1466.326693497196,747.1609244846281,1.4389187609943916,1.0618814211888
544,mix_years_he_bi_shi_2017_2019,STD,106.01164315729056,14272.128410858886,463.13818591178364,0.7529274948778789,0.05346950415570591
545,mix_years_he_bi_shi_2017_2019,Mean,6.159834818886951,1231.1447147194656,895.3788982729641,1.3217300845691489,1.0506981167199438
546,mix_years_huai_bei_shi_2017_2019,STD,253.3370373710936,25709.40529343582,441.34862950458614,0.7069456223256924,0.05364637147426385
547,mix_years_huai_bei_shi_2017_2019,Mean,6.98718173761625,1278.5936837877446,800.6691824375201,1.3327092748189857,1.0524355552539186
548,mix_no_years_he_fei_shi_2017_2019,STD,412.60717101360103,54168.744325679305,394.78797315360515,0.7344261119042985,0.05006367412795442
549,mix_no_years_he_fei_shi_2017_2019,Mean,4.490591684701757,1032.1725585208048,849.9729433129593,1.273377836314934,1.047845619223197
550,mix_no_years_su_qian_shi_2017_2019,STD,120.42528552226676,16060.847294583382,401.4058905514708,0.6721271759657,0.05134055988376009
551,mix_no_years_su_qian_shi_2017_2019,Mean,4.237080428577989,1002.3357137400253,827.3489583122197,1.2980493678680425,1.050317315189264
552,mix_years_fu_yang_shi_2017_2019,STD,525.5991527482712,58547.09518476791,453.10353870795063,0.8400262665527489,0.054646004926244766
553,mix_years_fu_yang_shi_2017_2019,Mean,7.915355092001753,1539.8011773284345,776.5658800315833,1.3829388770094837,1.0571627141639905
554,with_distance_bin_zhou_shi_2017_2019,STD,136.69022500877736,15962.980727947524,428.2619827749824,0.7319357286525761,0.05330620812336676
555,with_distance_bin_zhou_shi_2017_2019,Mean,6.065370386990382,1193.1606404581041,861.0364793126988,1.3096412841461829,1.0492882135091712
556,mix_years_pu_yang_shi_2017_2019,STD,174.7001127494924,19250.40513711712,479.88786298948173,0.7532936426656831,0.05288358837452097
557,mix_years_pu_yang_shi_2017_2019,Mean,7.724339978614628,1357.8977978635876,890.976821910244,1.3151305905649466,1.0485637476706102
558,no_distance_ma_an_shan_shi_2017_2019,STD,133.12822993743444,18836.80368681759,400.9250442757975,0.6736829243398992,0.053167432234946375
559,no_distance_ma_an_shan_shi_2017_2019,Mean,3.1377280490762147,826.5153252643804,948.1909823418509,1.2716318619285853,1.0486360254325813
560,no_distance_zhu_ma_dian_shi_2017_2019,STD,170.88913183327156,17046.99265968473,427.93878402761817,0.6259648972635669,0.0518353699203233
561,no_distance_zhu_ma_dian_shi_2017_2019,Mean,4.532131354432691,1042.2272082248046,786.1521184433027,1.342514251317078,1.0566178896249732
562,mix_years_tang_shan_shi_2017_2019,STD,118.07194050290565,16576.26664777423,459.41503355283675,0.7048524540290086,0.05211998530399647
563,mix_years_tang_shan_shi_2017_2019,Mean,5.5131043940123545,1132.218855105255,899.8445296281848,1.2902124606581804,1.0482016951813171
564,mix_no_years_tai_zhou_shi_2017_2019,STD,157.739334428981,23910.447810641424,379.12226054003844,0.8076684961758738,0.05224394489256867
565,mix_no_years_tai_zhou_shi_2017_2019,Mean,5.1075866100516665,1204.7296919623998,795.9995276423575,1.3066197279216756,1.0517593446381617
566,with_distance_chi_zhou_shi_2017_2019,STD,56.19935389514864,7314.946768007061,396.99629854039165,0.5481404460644114,0.050612967962486294
567,with_distance_chi_zhou_shi_2017_2019,Mean,2.322855900824419,694.8883918355319,885.9154985464135,1.2649319131417613,1.0487852572328038
568,with_distance_yan_tai_shi_2017_2019,STD,74.81783257731679,12844.716971276473,464.37443147553057,0.7296222579727754,0.05177512965923154
569,with_distance_yan_tai_shi_2017_2019,Mean,4.641863503287631,1065.3206554559513,907.7125619631877,1.3052754288368846,1.0511931098943355
570,mix_no_years_tang_shan_shi_2017_2019,STD,107.46057922931087,19051.746648182852,457.3305944884896,0.7715692925459878,0.05019558199403838
571,mix_no_years_tang_shan_shi_2017_2019,Mean,5.703409535273279,1209.5450176130348,870.1249796375511,1.27985179999095,1.0464288608291339
572,mix_no_years_san_men_xia_shi_2017_2019,STD,52.80850648226377,7140.4263388794025,428.9814936824209,0.5324848172575526,0.045550993172947
573,mix_no_years_san_men_xia_shi_2017_2019,Mean,3.2181481287390574,734.2185080060366,990.543069367497,1.2066131363766464,1.0402070812093362
574,with_distance_lai_wu_shi_2017_2019,STD,128.33818020788073,18546.66972966931,410.93276102025044,0.6740868785847356,0.05070678334803453
575,with_distance_lai_wu_shi_2017_2019,Mean,3.5811729735974334,851.2458579948935,1009.9061008795308,1.2285054861195575,1.0431047166126552
576,with_distance_bo_zhou_shi_2017_2019,STD,111.62420658789291,10314.359007217718,420.97786772527706,0.6423541509936821,0.05377664788508068
577,with_distance_bo_zhou_shi_2017_2019,Mean,4.816188761293742,1114.5372178455827,759.4342573855234,1.372193472695118,1.0585778721631227
578,mix_years_yang_zhou_shi_2017_2019,STD,120.1662285968659,15168.905258474699,373.8803481326608,0.6064008879631108,0.05253304981527076
579,mix_years_yang_zhou_shi_2017_2019,Mean,3.1821003898006928,783.3166763046119,926.3687628737824,1.268980532083936,1.0492235100097191
580,mix_years_he_ze_shi_2017_2019,STD,410.4122469765845,41610.7520560062,478.851676073245,0.7358996410994033,0.053169577535182574
581,mix_years_he_ze_shi_2017_2019,Mean,8.373256618123438,1428.9058454663716,838.9486460636248,1.3347077500134266,1.0510121105822514
582,mix_years_bao_ding_shi_2017_2019,STD,117.61785119643173,13613.914302119612,469.61832520279046,0.7196744862824692,0.054101245550721475
583,mix_years_bao_ding_shi_2017_2019,Mean,6.272441585374018,1198.4937403987165,930.9672127398812,1.3147209883257096,1.0487857087026586
584,no_distance_bo_zhou_shi_2017_2019,STD,113.24556532133624,10359.441658281787,416.7014824324137,0.6567998335815112,0.05415670718354018
585,no_distance_bo_zhou_shi_2017_2019,Mean,4.625144138170664,1098.0071437693814,764.1045299283428,1.369807700298322,1.0581996014881383
586,no_distance_lai_wu_shi_2017_2019,STD,123.66673627783344,17701.9062905419,410.95675976718144,0.6777292750344849,0.05114694437325805
587,no_distance_lai_wu_shi_2017_2019,Mean,3.597632422839485,863.0054446389904,998.692970187343,1.2361675297614563,1.0440392085520949
588,mix_years_nan_jing_shi_2017_2019,STD,281.2492319072111,38573.45715948948,394.0254565246395,0.7747608034594199,0.05334744644257183
589,mix_years_nan_jing_shi_2017_2019,Mean,4.877025314503236,1048.9471120773067,935.6740722895845,1.2706533162867593,1.046413981624188
590,no_distance_qin_huang_dao_shi_2017_2019,STD,99.5115502746955,14865.080074514053,405.8366895381115,0.6972962388378678,0.05115077115436268
591,no_distance_qin_huang_dao_shi_2017_2019,Mean,4.681183212740546,1073.9103815012272,827.7801792457165,1.3187513945543914,1.0537815769114554
592,mix_no_years_lang_fang_shi_2017_2019,STD,87.9422117532562,12426.77528857597,432.5134958460031,0.8205970694758828,0.05094862059070808
593,mix_no_years_lang_fang_shi_2017_2019,Mean,7.961053296627819,1473.3794551808894,791.4678572110118,1.3110906362665666,1.0462308149440858
594,mix_years_shang_qiu_shi_2017_2019,STD,239.21992479917876,23431.175801239955,485.67475776322084,0.7241304577811631,0.05539698896080925
595,mix_years_shang_qiu_shi_2017_2019,Mean,7.436963157102705,1446.5315055306735,772.4606550368352,1.4037929926525108,1.0586019083941818
596,mix_no_years_zao_zhuang_shi_2017_2019,STD,185.10327837872237,19735.029616125124,452.70294813449857,0.666266385217656,0.04872202318899493
597,mix_no_years_zao_zhuang_shi_2017_2019,Mean,6.045719953521282,1092.0061775682987,919.9288060294458,1.2506525099409223,1.0421800834750905
598,no_distance_zi_bo_shi_2017_2019,STD,487.0921047406297,58297.740617301664,406.52293092515447,0.804829240737341,0.04958990262920355
599,no_distance_zi_bo_shi_2017_2019,Mean,7.193123067784868,1284.6219334490652,886.6141784121039,1.2637881819783519,1.0458116642012492
600,no_distance_bin_zhou_shi_2017_2019,STD,134.70979519756793,15803.715172798195,428.70287094812267,0.728200140007495,0.05331528761929379
601,no_distance_bin_zhou_shi_2017_2019,Mean,6.188840628790521,1216.4599805885766,848.2706271926745,1.3150419822506683,1.0500547348312266
602,with_distance_xu_chang_shi_2017_2019,STD,378.1821850337721,43022.86289533301,457.7858943966384,0.8026080278393469,0.05565040658468177
603,with_distance_xu_chang_shi_2017_2019,Mean,7.042285084648958,1345.1147696707496,890.718791084383,1.343135442820787,1.0534360166212133
604,mix_no_years_shang_qiu_shi_2017_2019,STD,252.54911626976465,30252.284919119185,492.6955993093271,0.7393699776413781,0.0504863360254562
605,mix_no_years_shang_qiu_shi_2017_2019,Mean,7.905067638802862,1522.1237945492262,729.5043730098103,1.3620521521741598,1.0530577332494768
606,mix_years_xin_yang_shi_2017_2019,STD,49.73605056401342,5418.663831213304,407.9606658271085,0.47924680097786077,0.049909424697456364
607,mix_years_xin_yang_shi_2017_2019,Mean,1.7458723832650243,569.091546697221,975.6728837700139,1.2254007723080773,1.0458892588516522
